chunk_id,document_id,section_number,section_name,content_type,token_count,cas_numbers,hazard_codes,keywords,content_preview
FDS 6 - R-O QT 2PK LATAM CHALKED PAINT TIDAL PND_S01_001,FDS 6 - R-O QT 2PK LATAM CHALKED PAINT TIDAL PND,1,Identificación del producto y la empresa,text,100,,,IL; Hawthorn; Rust; Name; ication; Supercedes; O; Top;  2; Supplier; Recommended; Product; CHALKED; Manufacturer; Regulatory; Department; Use; PAINT; 7700 ;  1; Corporation; Emergency; LATAM; USA; Date; Waterborne; Telephone; Hour; Hills;  847-367; Parkway; R; Oleum;  60061 ;  11 ; TIDAL; Revision;  337885 ; Vernon; QT; Identifier; Coat;  24 ; Hotline; Preparer; PND,ication Product Name: R-O QT 2PK LATAM CHALKED PAINT TIDAL PND Revision Date: Product Identifier: 33...
FDS 6 - R-O QT 2PK LATAM CHALKED PAINT TIDAL PND_S02_001,FDS 6 - R-O QT 2PK LATAM CHALKED PAINT TIDAL PND,2,Identificación de peligros,text,63,,,Possible; required; been; Hazard; Symbol; of; Signal; toxicity; ingredient; Product; Standard; Hazards; assigned; consists; unknown; is; Word; CFR;  1910.1200; mixture; No; s;  22%; per; the;  201; Communication; Classification; has;  29 ; symbol; acute,Classification Symbol(s) of Product No symbol is required per 201OSHA Hazard Communication Standard ...
FDS 6 - R-O QT 2PK LATAM CHALKED PAINT TIDAL PND_S03_001,FDS 6 - R-O QT 2PK LATAM CHALKED PAINT TIDAL PND,3,Composición/información sobre los ingredientes,text,149,14807-96-6; 7632-00-0; 25265-77-4; 14808-60-7; 64742-54-7,H272; H331; H332,Quart; Pentanediol; H272; Sulfate; 2;  5 ; 06; Page;  64742-54; GHS07; 272-301;  7632-00; H331; No; Hydrous; 6 ; Nitrite;  7727-47 ; Quartz; Petroleum; Information; Ingredients; 0 ; 332 ; Chalked; Tidal; Sodium; GHS; Magnesium; Pond; 319-331 ; 25265-77-4; Not; Wt; Symbols; Silica; 4 ;  2;  25265-77;  1 ; H332; GHS06; 03; Distillates; Barium; Silicate; Paint; 14807-96-6; Range; GHS03; 1; 64742-54-7; Chemical; 0.1-1.0 ; on; CAS; Crystalline; 10-25 ; Statements; HAZARDOUS; 7 ; Printed; Trimethyl; Name; Monoisobutyrate; Available; 331 ; 3; Heavy; 14808-60-7; Hydrotreated; 07 ;  14807-96; 06 ; 7632-00-0; Date; SUBSTANCES; Paraffinic;  14808-60; 4,/ Information on Ingredients HAZARDOUS SUBSTANCES Chemical Name CAS-No. Wt.% Range GHS Symbols GHS S...
FDS 6 - R-O QT 2PK LATAM CHALKED PAINT TIDAL PND_S04_001,FDS 6 - R-O QT 2PK LATAM CHALKED PAINT TIDAL PND,4,Primeros auxilios,text,326,,,flush; immediate; artificial; center; cause; glasses; induce; immediately; alert; harm; oxygen; Swallowing; attention; control; easy; Wash; rubbing; Do; rinse; but; and; EYE; drink; SKIN; in; get; rinsing; fresh; you; water; Immediately; than; of; leave; use; Call; plenty; holding; skin; with; For; lenses; Get; contaminated; is; INGESTION; poison; clothing; closed; assistance; feeling; resuscitation; continued; eyes; If; if; difficulty; NOT; larger; symptomatically; difficult; develops; person; air; area; respiration; Never; experience; irritation; an; INHALATION; present; AID; physician;  15 ; Continue; swallowed; one; anything; amounts; give; FIRST; Remove; Treat; CONTACT; the; least; at; eyelids; breathing; less; supportively; for; do; keeping; soap; tocupfuls; will; conscious; milk; persists; obtain; minutes; contact; experienced; open;  2 ; to; mouth; unwell; or; significant; not; allow; vomiting; victim; a; ounce; two; unconscious; by; medical,FIRST AID - EYE CONTACT: Immediately flush eyes with plenty of water for at least 15 minutes holding...
FDS 6 - R-O QT 2PK LATAM CHALKED PAINT TIDAL PND_S05_001,FDS 6 - R-O QT 2PK LATAM CHALKED PAINT TIDAL PND,5,Medidas de lucha contra incendios,text,123,,,Information; Combustible; are; POINT; containers; AND; Carbon; nozzles; Foam; Sand; Hazard; of; may; FIRE; steam; GREATER; EXTINGUISHING; fire; tightly; EXPLOSION; Special; Water; used; DEGREES; unusual; is; prevent; FLASH;  200 ; HAZARDS; Film; closed; Fire; to; Fog; SPECIAL; FIREFIGHTING; PROCEDURES; cool; Alcohol; buildup; IS; THAN; explosion; If; No; Forming; fog; and; or; preferred; Chemical; noted; Keep; F; MEDIA; Measures; hazards; be; UNUSUAL; Explosion; water; TESTED; BE; Dry; Dust; Dioxide; TO,"Measures EXTINGUISHING MEDIA: Alcohol Film Forming Foam, Carbon Dioxide, Dry Chemical, Dry Sand, Wat..."
FDS 6 - R-O QT 2PK LATAM CHALKED PAINT TIDAL PND_S06_001,FDS 6 - R-O QT 2PK LATAM CHALKED PAINT TIDAL PND,6,Medidas en caso de liberación accidental,text,73,,,unused; contents; material; containers; accordance; absorbent; contain; of; SPILLED; with; contaminated; remove; TAKEN; closed; Do; OR; IS; MATERIAL; If; and; container; spilled; Dispose; regulations; not; incinerate; local; STEPS; Measures; in; state; inert; IF; BE; RELEASED; federal; TO,"Measures STEPS TO BE TAKEN IF MATERIAL IS RELEASED OR SPILLED: If spilled, contain spilled material ..."
FDS 6 - R-O QT 2PK LATAM CHALKED PAINT TIDAL PND_S07_001,FDS 6 - R-O QT 2PK LATAM CHALKED PAINT TIDAL PND,7,Manejo y almacenamiento,text,126,,,Information; Combustible; SDS; HANDLING; before; only; Follow; of; after; may; launder; product; residues; use; ventilated; tightly; because; skin; contact; handling; label; with; contaminated; reuse; is; Use; fumes; clothing; place; Wash; closed; Safe; precautions; Avoid; Remove; emptied; ventilation; it; eyes; eating; No; and; or; adequate; container; Store; dry; not; retain; well; Keep; on; thoroughly; a; hands; mist; all; in; vapors; even; Advice; breathing; STORAGE; Handling; Dust; when,HANDLING: Wash thoroughly after handling. Wash hands before eating. Remove contaminated clothing and...
FDS 6 - R-O QT 2PK LATAM CHALKED PAINT TIDAL PND_S08_001,FDS 6 - R-O QT 2PK LATAM CHALKED PAINT TIDAL PND,8,Controles de exposición/protección personal,text,413,14807-96-6; 7632-00-0; 7727-43-7; 25265-77-4; 64742-54-7,,Quart; splash; Pentanediol; 5 ; Z88; liquids; guidance; immediately; airborne; Sulfate; PRACTICES; 2;  7727-43;  5 ; conditions; control; respirator; E; PERSONAL; Page; reuse;  64742-54; CONTROLS; Wash;  7632-00; levels; engineering; No; Hydrous; and; supervisor; Protection; EYE; ENGINEERING; 6 ; SKIN; Nitrite; be; all; against; 7727-43-7; Quartz; Petroleum; water; CEILING; meets; Information; 88.2 ; must; before; other; 0 ; of; launder; process; use; achieve; designed; skin; Chalked; hygienist; safety; controls; with; below; contaminated; clothing; recommended; OSHA PEL-TWA OSHA PEL- CEILING Hydrous Magnesium Silicate 14807-96-6 15; HYGIENIC; ventilation; OSHA; Tidal; Sodium; Magnesium; ANSI; 3 ; windows; protect; personal; PROTECTIVE; Pond; Weight; PROTECTION; limits; 25265-77-4; Neoprene; Combustible; N; build;  50 ; Silica; 4 ; PEL; RESPIRATORY;  2;  25265-77;  15 ; requirements; gloves; regarding; Personal; further; Distillates; warrant; exposure; Barium; Use; Silicate; Paint; eyewear; cross; 14807-96-6; Remove; 2 ; A; Than; equipment; 1; protective; s; 64742-54-7; whenever; adequate; Chemical; Prevent; local; CAS; Crystalline; 1.0 ; protection; mg; followed; TWA; for; 7 ; smoking; Printed; Trimethyl; their; Name; soap; applications; may; 15.0 ; Refer; Engineering; Monoisobutyrate; types; Nitrile; TLV; 3; contact;  1910.134 ; Heavy; Less; 0.025 ; prevent; doors;  2 ; Hydrotreated; m3; industrial; to;  14807-96; drinking; enclosures; STEL; workplace; 7632-00-0; Date; EQUIPMENT; ACGIH TLV- TWA ACGIH TLV- STEL OSHA PEL-TWA OSHA PEL- CEILING Hydrous Magnesium Silicate 14807-96-6 15; exhaust; eating; Paraffinic; respiratory; or; afford; program; ACGIH; OTHER; up; prolonged; thoroughly; a; Measures; that; vapors; 4;  148060-7 ; by; Dust; opening,/ Personal Protection Chemical Name CAS-No. Weight % Less Than ACGIH TLV- TWA ACGIH TLV- STEL OSHA P...
FDS 6 - R-O QT 2PK LATAM CHALKED PAINT TIDAL PND_S09_001,FDS 6 - R-O QT 2PK LATAM CHALKED PAINT TIDAL PND,9,Propiedades físicas y químicas,text,138,,,for; C; Physical; Coefficient;  100 - 537 ; N; Limits; Support; than; n; State; Vapor; See; D; Threshold; Explosive; legend;  99 ; Auto; Odor; Miscible; Water; Slower; E; Ignition; Temp; Evaporation; Decomposition; abbreviation; Range; Rate; Flammability; Air; Combustion; Does; Viscosity; Mild; Section; not; vol; octanol; Heavier; Flash;  1.55; Point; Appearance; Pressure; information; Density; Ether; Liquid; in; Boiling; Freeze; Gravity; Solubility; water;  2.6 - 12.6 ; Other; Partition; Specific,Appearance: Liquid Physical State: Liquid Odor: Mild N.E. Odor Threshold: Specific Gravity: 1.55pH: ...
FDS 6 - R-O QT 2PK LATAM CHALKED PAINT TIDAL PND_S10_001,FDS 6 - R-O QT 2PK LATAM CHALKED PAINT TIDAL PND,10,Estabilidad y reactividad,text,96,,,occur; Incompatible; Stability; alkalies; irritating; acids; acrid; product; heat; Polymerization; decomposition; Conditions; smoke; conditions; with; excess; is; agents; Decomposition; fumes; storage; Incompatibility; to; Avoid; Will; oxidizing; it; Hazardous; under; and; not; normal; emits; This; strong; stable; When; freezing; Keep; incompatible; from; heated,Conditions to Avoid: Avoid excess heat. Keep from freezing. Incompatibility: Incompatible with stron...
FDS 6 - R-O QT 2PK LATAM CHALKED PAINT TIDAL PND_S11_001,FDS 6 - R-O QT 2PK LATAM CHALKED PAINT TIDAL PND,11,Información toxicológica,text,484,14807-96-6; 7632-00-0; 7727-43-7; 25265-77-4; 64742-54-7; 14808-60-7,,gas; Quart; Skin; Pentanediol; been; 14807-96; 50 ; cause; components; Sulfate; 2;  5 ; E; Page; serious; fumes;  64742-54; crystalline; harmful; EFFECTS; tremolite; LC50;  7632-00; inhalable; 5000 ; pulmonary; No; sufficient; and; CHRONIC; non; Hydrous;  15000 ; which; EYE; form; Substance; 6 ; SKIN; mist; promptly; be; in; Nitrite; have; 7727-43-7; 7 Bar; Quartz; Petroleum; individual; tested; acute; 7727-43; Information; concentrations; other; 0 ;  5500 ; contain; as; of;  85 ; exposed; PRIMARY; silicosis; tabulated; Vapor; hazard; L; Low; Absorption; Chalked;  3200 ; Eye; NTP; below; is; INGESTION; lung; human; Avoid; also; these; Inhalation; based; if; Constituents; evidence; Sodium; Tidal; Magnesium; Rabbit; Rat; Pond; 25265-77-4; 100 ; Not; inhaled; Inhalable; impurities; dust; personnel; TOXICITY; N;  307000 ; spray; Dermal; INHALATION; Silica; 4 ;  25265-77; group; VALUES; Contact; minimus; handling; injure; silicates; Distillates; exposure; humans; swallowed; Barium; Silicate; Paint; listed; OF; effects; 14807-96-6; include; progressive;  5.5 ; ENTRY; 1; CONTACT; known; Oral; 15200 ; 64742-54-7; Established;  30 ; the; Chemical; LD50; carcinogen; I; Data; on; Crystalline;  3 ; CAS; animals; mg; breathing; vapor; Irritating; for; occupationally; are; 7 ; Printed; trained; Trimethyl; problems; Name; may; product; carcinogenic; Monoisobutyrate; ROUTE;  6000 ; 3; eye; Heavy; The; 14808-60-7; commercial; this; HAZARDS; Hydrotreated; industrial; S; to; Ingestion; kg; 7632-00-0; Date; removed; OVEREXPOSURE; asbestiform; usual; Paraffinic; High; silica; or; not; IARC;  14808-60; 3.55 ; above; ACUTE; a; de; vapors; fibrosis; 4; by; tissue,"EFFECTS OF OVEREXPOSURE - EYE CONTACT: Irritating, and may injure eye tissue if not removed promptly..."
FDS 6 - R-O QT 2PK LATAM CHALKED PAINT TIDAL PND_S12_001,FDS 6 - R-O QT 2PK LATAM CHALKED PAINT TIDAL PND,12,Información ecológica,text,28,,,for; ecotoxicity; found; Product; a; mixture; No; was; ECOLOGICAL; of; is; this; product; INFORMATION; components; listed; data,ECOLOGICAL INFORMATION: Product is a mixture of listed components. No ecotoxicity data was found for...
FDS 6 - R-O QT 2PK LATAM CHALKED PAINT TIDAL PND_S13_001,FDS 6 - R-O QT 2PK LATAM CHALKED PAINT TIDAL PND,13,Consideraciones de eliminación,text,73,,,Number; Information; for; concentrations; material; 005 ; DISPOSAL; accordance; ordinances; of; L;  100.0 ; level;  262 ; Waste; Regulatory; with; Barium; S; to; CFR; Hazardous; and; or; Dispose; regulations; the; above; local; EPA; U;  40 ; mg; at; in; state; RCRA; D005; federal,"Information DISPOSAL: Dispose of material in accordance to local, state, and federal regulations and..."
FDS 6 - R-O QT 2PK LATAM CHALKED PAINT TIDAL PND_S14_001,FDS 6 - R-O QT 2PK LATAM CHALKED PAINT TIDAL PND,14,Información sobre transporte,text,67,,,Number; N; Name; Hazard; Quantity; International; TDG; Shipping; Limited; Regulated; Group; Domestic; Air; Class; A; Canada; Proper; No; IATA; USDOT; IMDG; UN; Not; Packing,Domestic (USDOT) International (IMDG) Air (IATA) TDG (Canada) UN Number: N.A. N.A. N.A. N.A. Proper ...
FDS 6 - R-O QT 2PK LATAM CHALKED PAINT TIDAL PND_S15_001,FDS 6 - R-O QT 2PK LATAM CHALKED PAINT TIDAL PND,15,Información reglamentaria,text,273,7632-00-0; 7727-43-7; 68411-06-3; 1328-53-6,,Known; Quart; been; substances; Sulfate; Substances;  7727-43;  5 ; Act; Page;  7 ; Category;  7632-00; CFR;  311 ; Superfund; Amendment; No; P65Warnings; and; 6 ; U;  40 ; from; Nitrite; 7727-43-7;  68411-06; following; Control; 0 ; of; Federal; Categories; gov;  312 ; Sections; 65; part; Chalked; 1328-53;  1986 ; chemical; is; 1328-53-6; Blue147; States; according; Reproductive; SARA; Sodium; CERCLA; if; Tidal; definitions; 3 ; reviewed; Cancer; TSCA; Pond; has;  4 ; WARNING; reporting; Toxic; applicable; considered; State; Phthalimido; requirements; Title; Proposition; Barium; Reauthorization; Paint; None; 8 ; California; 68411-06-3; under; Section; This; the; Chemical; CAS; Pigment; www; Green; 7 ;  65 ; Printed;  372; Name; Hazard; meet; Regulations; product; ca; III; Phthalocyanine;  313 ; S; United; to; subject;  12; 7632-00-0; Date; categories; promulgated; EPA; Harm; 147-14; b; exported; contains,U.S. Federal Regulations: CERCLA - SARA Hazard Category This product has been reviewed according to ...
FDS 6 - R-O QT 2PK LATAM CHALKED PAINT TIDAL PND_S16_001,FDS 6 - R-O QT 2PK LATAM CHALKED PAINT TIDAL PND,16,Otra información,text,395,,,Statement; SDS; X; Quart; Threshold; However;  5 ; conditions; control; E; sheet; unknown; Page; accurate; recommendations; Instability;  59 ; HMIS; and; Protection; Oleum; user; comply; Substance; date; reliability; from; in; be; All; all; final; property;  0 ; contained; Information; warranty; Organic; offered; Rust; REASON; of; L; NFPA; its; as; should; use; incurred; believes; Chalked; safety; with; best; is; caution; responsibility; these; obtained; herein; Volatile; Hazardous; Tidal; damage; results; materials; personal;  11 ; accuracy; Revision;  5; liability; examination; we; Determined; suitability; Properties; Pond; hazards; Compounds; Not; no; data; federal; Physical; material; N; expressed; Legend; applicable; laws; our; Flag; D;  2; Toxicological; present;  1 ; implied; Composition; regarding; Personal; handling; assume; reliable; g; Paint; Flammability; Exposure; knowledge; Health; s; Established; Section; the; Chemical; local; state; Controls; determine; for; are; makes; It; their; Name; Hazard; DATE; may; belief; beyond; FOR; Product;  08 ; because; used; RATINGS; Applicable; The; REVISION; this;  2 ; storage; Corporation; to; injury; or; consideration; users; regulations; information; Changed; international; A; by,HMIS RATINGS Health: 2* Flammability: 1 Physical Hazard: 0 Personal Protection: X NFPA RATINGS Healt...
FDS 6 - R-O QT 2PK LATAM CHALKED PAINT TIDAL PND_S03_001,FDS 6 - R-O QT 2PK LATAM CHALKED PAINT TIDAL PND,3,Tabla 1,table,16,,,1921; 0; com; rustoleum; www; TrustedQualitySince1921;  1; SafetyDataSheet,0: SafetyDataSheet | 1: *TrustedQualitySince1921*www.rustoleum.com
FDS 6 - R-O QT 2PK LATAM CHALKED PAINT TIDAL PND_S08_001,FDS 6 - R-O QT 2PK LATAM CHALKED PAINT TIDAL PND,8,Tabla 1,table,26,,,0;  5; CAS; STEL; TLV-TWA | 3: ACGIHTLV-STEL | 4: OSHAPEL-TWA | 5: OSHAPEL-CEILING; TWA; Weight; PEL-TWA | 5: OSHAPEL-CEILING; LessThan;  4; No;  3; OSHAPEL; ACGIHTLV; CEILING;  2;  1,0: CAS-No. | 1: Weight%LessThan | 2: ACGIHTLV-TWA | 3: ACGIHTLV-STEL | 4: OSHAPEL-TWA | 5: OSHAPEL-C...
FDS 6 - R-O QT 2PK LATAM CHALKED PAINT TIDAL PND_S03_001,FDS 6 - R-O QT 2PK LATAM CHALKED PAINT TIDAL PND,3,Tabla 1,table,149,14807-96-6; 7632-00-0; 7727-43-7; 25265-77-4; 64742-54-7; 14808-60-7,," 0.025; 0; 7 ; N; Trimethyl; 0 ; 4 ;  2; HydrotreatedHeavyParaffinicPetroleumDistillates; BariumSulfate;  25265-77; PentanediolMonoisobutyrate; 2;  7727-43; 3; E;  1.0 ; 14808-60-7;  64742-54;  1; m3; 14807-96-6;  7632-00;  14807-96; 7632-00-0;  15; CrystallineSilica; 1; 
0;  4; 64742-54-7; 3 ;  6;  15.0 ;  14808-60;  5; HydrousMagnesiumSilicate; 6 ;  50; 7727-43-7; 25265-77-4; Quartz;  3; 4; SodiumNitrite","0: HydrousMagnesiumSilicate | 1: 14807-96-6 | 2: 15.0 | 3: 2mg/m3 | 4: N.E. | 5: N.E. | 6: N.E.
0: B..."
FDS 39 -sellador-nitrocelulosico_S01_001,FDS 39 -sellador-nitrocelulosico,1,Identificación del producto y la empresa,text,321,,,"deseche; LA; permita; los; 5 ; Nit; Nombre; en; cerca; INFORMACION; INFLAMABLE; Y; reacondicionamiento; 2; INGREDIENTES; alejado; PERSONAL; FABRICANTE; ejemplo; sopletes; QUIMICA; envase; 2-0 ; Elimine; No;  2018 ; limpieza; todas; Solvente; Obedezca; su; almacenamiento;  0 ; DEL; PELIGRO;  25%; 44 ; Empresa; limpiando; con;  38%; use; transporte; dadas; destruya; horade; calor; RIESGOS; Producto; para; SOBRE; Clase; Octubre; peligrosos; siguiendo; PELIGRO FÍSICO 0 PROTECCIOÓN PERSONAL; nitrocelulosa; soldadoras; instrucciones; Resina; 49 ; instalaciones; no; el; As2O5; anillo;  137 ; N; Fecha; TECNIDECOR; del; facilite; peligroso; tapa; reciclamiento; IDENTIFICACION;  1 ;  900112215-2 ; SUBSTANCIA; producto; residuos; SELLADOR;  30%; CuO; chispas; un; derrame; peligrosos del envase, por ejemplo, limpiando con un paño húmedo; Deseche; u; forma; donde; por; COMPOSICION; se; borre; incluir; todos;  1263 ;  3; etiquetas; excepto; La; la; NITROCELULOSICO; o; precauciones; original; inflamable; Pbx; las; parte; Extenders; 3; Aditivos; y;  444 ;  2 ; distribuya; llamas; disponga; alguna; S; interna; DE; ofrezca; corte; SALUD; UN; de;  7%; CrO3; cierre; El; A; desecho",DEL FABRICANTE Y DE LA SUBSTANCIA QUIMICA Empresa: TECNIDECOR S.A.S Nit: 900112215-2 Pbx: 444 49 44 ...
FDS 39 -sellador-nitrocelulosico_S02_001,FDS 39 -sellador-nitrocelulosico,2,Identificación de peligros,text,473,,,"deseche; LA; etiqueta; inmediatamente; permita; los; 5 ; Nit; Nombre; en; cerca; INFORMACION; lave; INFLAMABLE; Y; reacondicionamiento; 2; salpicadura; INGREDIENTES; al; una; alejado; PERSONAL; FABRICANTE; ejemplo; sopletes; identifica; zona; QUIMICA; envase; minutos; piel; 2-0 ; Elimine; No;  2018 ; Si; limpieza; todas; Solvente; Obedezca; induzca; su; almacenamiento; consulte; manipular; impregnada;  0 ; durante; DEL; PELIGRO;  25%; 44 ; fluya; Empresa; limpiando; con;  38%; agua; En; use; transporte; dadas; destruya; horade; calor; RIESGOS; Producto; para; presión; SOBRE; administre; Clase; Octubre; peligrosos; siguiendo; ojos; nitrocelulosa; soldadoras; instrucciones; Resina; caso; lleve; 49 ; instalaciones; presenta; no; el; tenga; As2O5; anillo;  137 ; aplique; N; ninguna; Fecha; TECNIDECOR; del; facilite; peligroso; tapa; reciclamiento; IDENTIFICACION; deje;  1 ; ventilada;  15 ;  900112215-2 ; SUBSTANCIA; producto; residuos; ojo; SELLADOR;  30%; CuO; ingerido; chispas; un; derrame; peligrosos del envase, por ejemplo, limpiando con un paño húmedo; Deseche; u; forma; donde; solo; por; que; ropa; COMPOSICION; se; Luego; borre; incluir; todos; sustancia;  1263 ;  3; etiquetas; excepto; La; la; NITROCELULOSICO; o; precauciones; original; PELIGRO FÍSICO 0 PROTECCIOÓN PERSONAL
En caso de salpicadura del producto en los ojos, aplique agua corriente durante 15 minutos, no aplique agua a presión, solo deje que fluya en el ojo; inflamable; Pbx; las; parte; Extenders; abundante; 3; Aditivos; y;  444 ;  2 ; distribuya; llamas; disponga; alguna; S; interna; DE; ofrezca; corte; SALUD; UN; corriente; a; salga; de;  7%; CrO3; cierre; El; malestar; A; desecho; contacto",DEL FABRICANTE Y DE LA SUBSTANCIA QUIMICA Empresa: TECNIDECOR S.A.S Nit: 900112215-2 Pbx: 444 49 44 ...
FDS 39 -sellador-nitrocelulosico_S03_001,FDS 39 -sellador-nitrocelulosico,3,Composición/información sobre los ingredientes,text,473,,,"deseche; LA; etiqueta; inmediatamente; permita; los; 5 ; Nit; Nombre; en; cerca; INFORMACION; lave; INFLAMABLE; Y; reacondicionamiento; 2; salpicadura; INGREDIENTES; al; una; alejado; PERSONAL; FABRICANTE; ejemplo; sopletes; identifica; zona; QUIMICA; envase; minutos; piel; 2-0 ; Elimine; No;  2018 ; Si; limpieza; todas; Solvente; Obedezca; induzca; su; almacenamiento; consulte; manipular; impregnada;  0 ; durante; DEL; PELIGRO;  25%; 44 ; fluya; Empresa; limpiando; con;  38%; agua; En; use; transporte; dadas; destruya; horade; calor; RIESGOS; Producto; para; presión; SOBRE; administre; Clase; Octubre; peligrosos; siguiendo; ojos; nitrocelulosa; soldadoras; instrucciones; Resina; caso; lleve; 49 ; instalaciones; presenta; no; el; tenga; As2O5; anillo;  137 ; aplique; N; ninguna; Fecha; TECNIDECOR; del; facilite; peligroso; tapa; reciclamiento; IDENTIFICACION; deje;  1 ; ventilada;  15 ;  900112215-2 ; SUBSTANCIA; producto; residuos; ojo; SELLADOR;  30%; CuO; ingerido; chispas; un; derrame; peligrosos del envase, por ejemplo, limpiando con un paño húmedo; Deseche; u; forma; donde; solo; por; que; ropa; COMPOSICION; se; Luego; borre; incluir; todos; sustancia;  1263 ;  3; etiquetas; excepto; La; la; NITROCELULOSICO; o; precauciones; original; PELIGRO FÍSICO 0 PROTECCIOÓN PERSONAL
En caso de salpicadura del producto en los ojos, aplique agua corriente durante 15 minutos, no aplique agua a presión, solo deje que fluya en el ojo; inflamable; Pbx; las; parte; Extenders; abundante; 3; Aditivos; y;  444 ;  2 ; distribuya; llamas; disponga; alguna; S; interna; DE; ofrezca; corte; SALUD; UN; corriente; a; salga; de;  7%; CrO3; cierre; El; malestar; A; desecho; contacto",DEL FABRICANTE Y DE LA SUBSTANCIA QUIMICA Empresa: TECNIDECOR S.A.S Nit: 900112215-2 Pbx: 444 49 44 ...
FDS 39 -sellador-nitrocelulosico_S04_001,FDS 39 -sellador-nitrocelulosico,4,Primeros auxilios,text,151,,,aplique; etiqueta; fluya; inmediatamente; los; ninguna; durante; con; del; en; lave; agua; En; deje; abundante; ventilada;  15 ; salpicadura; producto; una; ojo; al; y; identifica; ingerido; presión; zona; minutos; administre; piel; impregnada; ojos; Si; solo; donde; que; ropa; lleve; caso; induzca; corriente; salga; a; se; Luego; de; sustancia; consulte; manipular; no; malestar; tenga; el; presenta; contacto; la,"En caso de salpicadura del producto en los ojos, aplique agua corriente durante 15 minutos, no apliq..."
FDS 39 -sellador-nitrocelulosico_S05_001,FDS 39 -sellador-nitrocelulosico,5,Medidas de lucha contra incendios,text,370,,,"los; emplear; Emergencia; en; Emplear; 2; completa; salud; al; altamente; elevadas; empleados; posteriores; recipientes; Interior; equipo; pueden; necesario; Informativas; almacenamiento; BLEVE; mantas; emergencia; Disposiciones; SEGURIDAD; productos; puede; 0 ; agua; En; espuma; preferentemente; cualquier; presentar; Fichas; para; Peligros; acuerdo; Peligros específicos derivados de la sustancia o la mezcla: Emplear preferentemente extintores de polvo polivalente (polvo ABC), alternativamente utilizar espuma física o extintores de dióxido de carbono (CO2), de acuerdo al Reglamento de instalaciones de protección contra incendios (R; otras; consecuencia; utilizar; Disponer; lucha; accidentes; R; personal; contra; caso; CO2; instalaciones; incendios; el; Plan;  137 ; del; D; resultar; elementos; derivados; agente; como; ABC; SELLADOR; vertido; alternativamente; un; 1997 ; hacerse; Como; Actuar; que; ropa; Suprimir; protectora; se; elevado; sustancia; subproductos; 1 ; modificaciones; Reglamento; conforme; refrigerar; temperaturas; la; NITROCELULOSICO; o; carbono; riesgo; tanques; ante; chorro; susceptibles; extintores; sobre; las; incendio; mezcla; RECOMIENDA; uso; y; emergencias;  1942;  2 ; polvo; SE; S; consecuentemente; HOJA; Evitar; generan; 1993 ; medio; DE; NO; magnitud; a; de; adicionales; 486; modificacionesRecomendaciones; fuente; polivalente",S Actuar conforme el Plan de Emergencia Interior y las Fichas Informativas sobre actuación ante acci...
FDS 39 -sellador-nitrocelulosico_S06_001,FDS 39 -sellador-nitrocelulosico,6,Medidas en caso de liberación accidental,text,193,,,aire; los; Eliminar; en; al; deben; desprendan; piel; equipo; No; madera; ES; fumar; con; corrientes; ser; as; L; agua; herramientas; abundancia; Asegurar; adecuada; materiales; contenedor; debe; haya; ojos; nitrocelulosa; personal; cerrado; derramada; no; el; contaminar; decir; del; perfectamente; como; humedecerse; chispas; limpiarse; fuentes; suelo; un; llegue; utilicen; que; protectora; se; bronce; cuidadosamente; recogerse; La; la; indumentaria; o; las; Utilizar; ferrosos; cobre; es; chocar; ventilación; y; mantenerse; manejo; firmemente; Evitar; Verifique; suficiente; vapores; fresco; a; de; fabricante; contacto,ES Eliminar las fuentes de ignición. ¡No fumar! Asegurar de que haya suficiente ventilación o aire f...
FDS 39 -sellador-nitrocelulosico_S07_001,FDS 39 -sellador-nitrocelulosico,7,Manejo y almacenamiento,text,330,,,C; inferior; los; seco; en; ingiera; Y; temperatura; alcance; una; al; alejado; cerrados; recipientes; locales; piel; Evite; No; manipula; normas; ALMACENAJE; buena; otra; quebradas; equipos; originales; evitar; con; fresca; retirar; agua; regulaciones; En; use; fuego; cualquier; calor; seguridad; para; ya; solventes; ojos; alimentos; caso; toda; usando; no; el; entrar; tapado; material; mientras; desprende; lugar; del; desprender; consuma; cartucho; bajo; 30°C; ventilada; gafas; como; respetando; producto; residuos; chispas; fuentes; suelo; un; derrame; que; agentes; recipiente; lejos; recoja; seca; Almacene; la; o; extintores; sobre; las; mascarilla; utilizando; escape; Aplique; utilice; ventilación; y; aplicado;  30; guantes; llamas; polvo; este; polvos; fuera; apropiados; bien; Para; vapores; techo; a; alcantarillados; Mantenga; de; expuestos; fuente; vierta; Disponga; particulado; contacto; presencia,Y ALMACENAJE Mantenga fuera del alcance de los niños. No ingiera el producto. Evite el contacto con ...
FDS 39 -sellador-nitrocelulosico_S08_001,FDS 39 -sellador-nitrocelulosico,8,Controles de exposición/protección personal,text,190,,,LPP; cubra; NITROCELULOSICO;  137 ; Medidas; material; o; SEGURIDAD; permitan; impermeable; 0 ; del;  0.06 ; en; Lentes; Guante; cuyo; Utilizar; forzada; LPA; mascarilla; brazos; completa; Ropa; face; botas; producto; Guantes; al; libre; piernas; y; PERSONAL; full; para; SELLADOR; ventilación;  2 ; guantes; m3; utilizar; posibilidad; zonas; un; 1; Otros; HOJA; forma; bien; reducir; cuerpo; sea; DE; 3 ; Delantal; ponderado; permisibles; contrario; que; caso; Trabajar;  0.03; PROTECCION; mg; incluyendo; vista; de; respiratoria; tipo; Absoluto; a; respirador; equipos; totalidad; caucho; la,", PROTECCION PERSONAL Medidas para reducir la posibilidad de exposición : Ropa que cubra la totalida..."
FDS 39 -sellador-nitrocelulosico_S09_001,FDS 39 -sellador-nitrocelulosico,9,Propiedades físicas y químicas,text,56,,, 500-600 ; granel; NC; los; alcoholes; Forma; Color; Viscosidad; esteres; en; agua; Densidad; es; blanco; Y; aplicable; y; Kg; m3; S; olubilidad; Olor; Liquido; 3 ; QUIMICAS; a; soluble; de; espeso; humectantes; cetonas; no; el; La,Y QUIMICAS. Forma: Liquido espeso Color: blanco Olor: el de los alcoholes humectantes Densidad a gra...
FDS 39 -sellador-nitrocelulosico_S10_001,FDS 39 -sellador-nitrocelulosico,10,Estabilidad y reactividad,text,97,,,pero; puede;  12 ; estabilidad; del; ser; en; buen; Pasado; utilizado; tiempo; las; es; posible; meses; barras; parte; vez; contados; producto; recomienda; envase; debe; este; Servicio; La; Una; abierto; siguiendo; recomendaciones; estado; menor; por; partir; su; almacenamiento; a; indicada; se; de; fecha; el; estar; la,La estabilidad del producto en el envase es de 12 meses contados a partir de la fecha de fabricación...
FDS 39 -sellador-nitrocelulosico_S11_001,FDS 39 -sellador-nitrocelulosico,11,Información toxicológica,text,90,,,sin; 5045 ; Irritante; DL50; toxicidad; Etanol; del;  8; adversos; Contacto;  20000 ; ha; 50; agente; utilizando; efectos; Rata; Isopropanol; l; Nitrocelulosa; irritante; ocasionar; kg; ppm; 000 ; ocular; muchos;  16; depende; conejo; Oral; No; humectante; nitrocelulosa;  6200 ; venido;  8000 ; mg;  5000 ; se; 12800 ; de; durante; La,. La nitrocelulosa se ha venido utilizando durante muchos años sin señal de ocasionar efectos advers...
FDS 39 -sellador-nitrocelulosico_S12_001,FDS 39 -sellador-nitrocelulosico,12,Información ecológica,text,301,,,"deseche; LA; permita; los; en; insectos; cerca; tiempo; reacondicionamiento; alejado; ejemplo; sopletes; envase; Elimine; No; limpieza; todas; Obedezca; su; almacenamiento; tóxico; dependiendo; limpiando; con; degrada; use; Persistencia; transporte; dadas; destruya; horade; Inestabilidad; calor; Producto; para; persona; metabolismo; SOBRE; peligrosos; siguiendo; nitrocelulosa; soldadoras; instrucciones; instalaciones; no; el; anillo; Efectos; del; facilite; peligroso; tapa; reciclamiento; elimina; aves; producto; residuos; chispas; un; derrame; peligrosos del envase, por ejemplo, limpiando con un paño húmedo; Deseche; u; forma; CONSIDERACIONES; donde; por; que; se; borre; incluir; todos; Degrabilidad; etiquetas; excepto; La; la; cada; estable; Bio; o; precauciones; original; sobre; las; parte; ambiente; peces; y; persiste; fecas; distribuya; llamas; disponga; alguna; interna;  13; ofrezca; corte; de; cierre; DISPOSICION; e; El; desecho",. Inestabilidad : Producto estable en el tiempo Persistencia / Degrabilidad : Producto que persiste ...
FDS 39 -sellador-nitrocelulosico_S13_001,FDS 39 -sellador-nitrocelulosico,13,Consideraciones de eliminación,text,438,,,"deseche; LA; permita; los; en; insectos; cerca; tiempo; INFORMACION; reacondicionamiento; al; alejado; ejemplo; sopletes; envase; locales; componentes; Veneno;  15; Elimine; No; regulados; limpieza; todas; Obedezca; su; almacenamiento; REGLAMENTACION; tóxico; SEGURIDAD; dependiendo; limpiando; desecho; Algunos; con; 0 ;  2002; degrada;  1609 ; regulaciones; usuario; use; Persistencia; transporte; dadas; destruya; horade; Inestabilidad; junto; calor; cubre; Producto; seguridad; para; persona; metabolismo; SOBRE; debe; Ministerio; lo; peligrosos; siguiendo; alimentos; nitrocelulosa; soldadoras; instrucciones; internacionales; existencia; instalaciones; no; Transporte; el; anillo;  137 ; NOTA; descrito; Efectos; del; facilite; peligroso; tapa; reciclamiento; elimina; embalaje; aves; producto; residuos; SELLADOR; requiere; complementarias; chispas; disposiciones; un; derrame; peligrosos del envase, por ejemplo, limpiando con un paño húmedo; Deseche; u; forma; CONSIDERACIONES; donde; por; que; se; borre; incluir; todos; II; 1 ; Degrabilidad; etiquetas; aplicables; excepto; La; cada; la; dar; NITROCELULOSICO; estable; Bio; o; precauciones; almacenar; original; sobre; las; parte; ambiente; Consultar; Se; peces; y; persiste; fecas; sus;  2 ; distribuya; llamas; disponga; alguna; nacionales; interna;  13; estan; HOJA; hoja;  2922 ; DE; ofrezca; corte; hacia; Decreto; proporcionada; UN; a; de; cumplimiento; cierre; DISPOSICION; e; El; Grupo",. Inestabilidad : Producto estable en el tiempo Persistencia / Degrabilidad : Producto que persiste ...
FDS 39 -sellador-nitrocelulosico_S14_001,FDS 39 -sellador-nitrocelulosico,14,Información sobre transporte,text,137,,,dar; NITROCELULOSICO;  137 ; NOTA; SEGURIDAD; descrito; el; Algunos; 0 ;  2002; almacenar; del; en;  1609 ; INFORMACION; regulaciones; las; usuario; embalaje; transporte; Se; Consultar; cubre; junto; al; SELLADOR; y; seguridad; para; sus;  2 ; requiere; complementarias; nacionales; SOBRE; locales; debe; disposiciones; componentes; Ministerio; Veneno;  15; lo; estan; HOJA; No; hoja;  2922 ; regulados; DE; alimentos; hacia; Decreto; proporcionada; UN; internacionales; a; se; existencia; de; cumplimiento; REGLAMENTACION; II; 1 ; aplicables; Transporte; Grupo; La; la,". Veneno, No almacenar junto a alimentos Nº UN : 2922 Grupo de embalaje II 15. INFORMACION SOBRE REG..."
FDS 39 -sellador-nitrocelulosico_S15_001,FDS 39 -sellador-nitrocelulosico,15,Información reglamentaria,text,272,,,ni; en; INFORMACION; conocemos; reciban; brindar; una; al; deben; locales; componentes; propiedades; Veneno;  15; NTC; No; regulados; fin; su; almacenamiento; personas; REGLAMENTACION; Esta; SEGURIDAD; productos; Algunos; con; 0 ;  2002;  1609 ; causado; regulaciones; usuario; transporte; cubre; junto; seguridad; para; SOBRE; debe; ya; Ministerio; lo; alimentos; internacionales; existencia; no; el; Transporte; Las;  137 ; NOTA; material; descrito;  4435; del; TECNIDECOR; embalaje; responsable; cliente; basada; como; producto; tiene; SELLADOR; requiere; complementarias; disposiciones; inadecuado; un; que; por; se; II; 1 ; aplicables; La; la; cada; dar; NITROCELULOSICO; o; precauciones; almacenar; ejercer; Norma; las; Consultar; Se; nuestros; uso; y; sus; propio;  2 ; apropiada; nacionales; S; manejo; determinar; este; estan; HOJA; criterio; conveniencia; hoja;  2922 ; DE; hace; Para; hacia; Decreto; proporcionada; UN; a; de; cumplimiento; A; Grupo,". Veneno, No almacenar junto a alimentos Nº UN : 2922 Grupo de embalaje II 15. INFORMACION SOBRE REG..."
FDS 39 -sellador-nitrocelulosico_S16_001,FDS 39 -sellador-nitrocelulosico,16,Otra información,text,134,,,Las; o; material; la; productos; precauciones;  4435; con; del; ejercer; TECNIDECOR; en; ni; Norma; causado; las; conocemos; reciban; responsable; cliente; brindar; basada; como; producto; tiene; una; uso; nuestros; seguridad; para; propio; deben; apropiada; S; manejo; inadecuado; determinar; este; propiedades; ya; un; NTC; criterio; conveniencia; hoja; hace; fin; Para; que; por; su; almacenamiento; a; se; de; personas; Esta; A; no; el; cada,. Esta hoja de seguridad tiene como fin sólo a brindar una guía basada en la Norma NTC 4435. Para el...
FDS 39 -sellador-nitrocelulosico_S03_001,FDS 39 -sellador-nitrocelulosico,3,Tabla 1,table,18,,,0;  137 ;  210 ; HOJADESEGURIDADSELLADORNITROCELULOSICO; 1;  4;  3; 4;  2,0: 137 | 2: HOJADESEGURIDADSELLADORNITROCELULOSICO | 3: 210 | 4: Página1de4
FDS 39 -sellador-nitrocelulosico_S08_001,FDS 39 -sellador-nitrocelulosico,8,Tabla 1,table,20,,,"SALUD;  2
;  1
; 0; PELIGROFÍSICO | 1: 0
0: PROTECCIOÓNPERSONAL;  0
; inflamable;  1; INFLAMABLE","0: SALUD | 1: 1
0: INFLAMABLE | 1: 2
0: PELIGROFÍSICO | 1: 0
0: PROTECCIOÓNPERSONAL"
FDS 39 -sellador-nitrocelulosico_S03_001,FDS 39 -sellador-nitrocelulosico,3,Tabla 1,table,18,,,0;  137 ; 2;  210 ; HOJADESEGURIDADSELLADORNITROCELULOSICO;  4;  3; 4;  2,0: 137 | 2: HOJADESEGURIDADSELLADORNITROCELULOSICO | 3: 210 | 4: Página2de4
FDS 39 -sellador-nitrocelulosico_S03_001,FDS 39 -sellador-nitrocelulosico,3,Tabla 1,table,18,,,0;  137 ;  210 ; HOJADESEGURIDADSELLADORNITROCELULOSICO; 3;  4;  3; 4;  2,0: 137 | 2: HOJADESEGURIDADSELLADORNITROCELULOSICO | 3: 210 | 4: Página3de4
FDS 39 -sellador-nitrocelulosico_S03_001,FDS 39 -sellador-nitrocelulosico,3,Tabla 1,table,18,,,0;  137 ;  210 ; HOJADESEGURIDADSELLADORNITROCELULOSICO;  4;  3; 4;  2,0: 137 | 2: HOJADESEGURIDADSELLADORNITROCELULOSICO | 3: 210 | 4: Página4de4
FDS 32 -CATALIZADOR-EPOXIPOLIAMIDA_S01_001,FDS 32 -CATALIZADOR-EPOXIPOLIAMIDA,1,Identificación del producto y la empresa,text,302,,,potencial; LA; pero; los; auxilios; Nit; Nombre; en; Lavar; INFLAMABLE; Amida; ha; Y; 2; humana; salud; INGREDIENTES; PERSONAL; FABRICANTE; deben; QUIMICA; piel; afectados; No;  2018 ; Si; sensibilidad;  108 ; su; ayuda; hay; tóxico;  0 ; DEL; PELIGRO; Obtenga; 44 ; Ojos; Empresa; causar; con; ser; agua; Riesgos; confirmado; futuras; RIESGOS; SUSTANCIA; Producto; para; medidas; moderadamente; SOBRE; Clase; B; exposiciones; Indicaciones; Octubre; ojos; Primeros; desarrollado; personal; Resina; 49 ; bioacumulativo; no; el; observadas; Fecha; TECNIDECOR; del; contaminada; INDUZCA;  1 ;  900112215-2 ; Piel; producto; Puede; AL; poliamida; por; ropa; CAS;  3 ;  68082-29; se; DEMORE;  1263 ; CATALIZADOR; la; COMPONENTE; PELIGRO FÍSICO 0 PROTECCIÓN PERSONAL ; inflamable; Pbx; higiene; es; ambiente; 99 ; 3; peces; EPOXICO; y;  444 ; persiste; SE; S; medio; DE; NO; SALUD; UN; de; biodegradable; A; contacto,DEL FABRICANTE Y DE LA SUSTANCIA QUIMICA Empresa: TECNIDECOR S.A.S Nit: 900112215-2 Pbx: 444 49 44 N...
FDS 32 -CATALIZADOR-EPOXIPOLIAMIDA_S02_001,FDS 32 -CATALIZADOR-EPOXIPOLIAMIDA,2,Identificación de peligros,text,381,,,"potencial; niebla; Este; LA; pero; los; seco; auxilios; Nit; Nombre; en; Lavar; INFLAMABLE; Amida; ha; Y; Posible; 2; humana; salud; incompleta; INGREDIENTES; PERSONAL; ocurra; FABRICANTE; deben; QUIMICA; piel; afectados; No;  2018 ; Si; sensibilidad;  108 ; su; ayuda; hay; tóxico;  0 ; DEL; PELIGRO; Obtenga; 44 ; Ojos; Empresa; causar; con; ser; agua; Riesgos; espuma; confirmado; futuras; use; tierra; Medios; RIESGOS; SUSTANCIA; Producto; para; medidas; Peligros; moderadamente; SOBRE; Clase; Peligros: Este producto no es inflamable, pero podría arder; B; exposiciones; Indicaciones; Octubre; ojos; Primeros; desarrollado; personal; Resina; CO2; 49 ; bioacumulativo; no; el; observadas; Fecha; TECNIDECOR; del; arder; contaminada; INDUZCA;  1 ;  900112215-2 ; Piel; producto; Use; Puede; chorros; arena; AL; poliamida; donde; por; ropa; CAS;  3 ;  68082-29; se; DEMORE;  1263 ; CATALIZADOR; la; COMPONENTE; carbono; PELIGRO FÍSICO 0 PROTECCIÓN PERSONAL ; inflamable; Pbx; higiene; incendio; es; ambiente; 99 ; 3; peces; EPOXICO; y;  444 ; persiste; polvo; SE; S; medio; DE; NO; SALUD; Incendio; UN; de; grande; biodegradable; A; contacto; presencia",DEL FABRICANTE Y DE LA SUSTANCIA QUIMICA Empresa: TECNIDECOR S.A.S Nit: 900112215-2 Pbx: 444 49 44 N...
FDS 32 -CATALIZADOR-EPOXIPOLIAMIDA_S03_001,FDS 32 -CATALIZADOR-EPOXIPOLIAMIDA,3,Composición/información sobre los ingredientes,text,381,,,"potencial; niebla; Este; LA; pero; los; seco; auxilios; Nit; Nombre; en; Lavar; INFLAMABLE; Amida; ha; Y; Posible; 2; humana; salud; incompleta; INGREDIENTES; PERSONAL; ocurra; FABRICANTE; deben; QUIMICA; piel; afectados; No;  2018 ; Si; sensibilidad;  108 ; su; ayuda; hay; tóxico;  0 ; DEL; PELIGRO; Obtenga; 44 ; Ojos; Empresa; causar; con; ser; agua; Riesgos; espuma; confirmado; futuras; use; tierra; Medios; RIESGOS; SUSTANCIA; Producto; para; medidas; Peligros; moderadamente; SOBRE; Clase; Peligros: Este producto no es inflamable, pero podría arder; B; exposiciones; Indicaciones; Octubre; ojos; Primeros; desarrollado; personal; Resina; CO2; 49 ; bioacumulativo; no; el; observadas; Fecha; TECNIDECOR; del; arder; contaminada; INDUZCA;  1 ;  900112215-2 ; Piel; producto; Use; Puede; chorros; arena; AL; poliamida; donde; por; ropa; CAS;  3 ;  68082-29; se; DEMORE;  1263 ; CATALIZADOR; la; COMPONENTE; carbono; PELIGRO FÍSICO 0 PROTECCIÓN PERSONAL ; inflamable; Pbx; higiene; incendio; es; ambiente; 99 ; 3; peces; EPOXICO; y;  444 ; persiste; polvo; SE; S; medio; DE; NO; SALUD; Incendio; UN; de; grande; biodegradable; A; contacto; presencia",DEL FABRICANTE Y DE LA SUSTANCIA QUIMICA Empresa: TECNIDECOR S.A.S Nit: 900112215-2 Pbx: 444 49 44 N...
FDS 32 -CATALIZADOR-EPOXIPOLIAMIDA_S04_001,FDS 32 -CATALIZADOR-EPOXIPOLIAMIDA,4,Primeros auxilios,text,381,,,"potencial; niebla; Este; LA; pero; los; seco; auxilios; Nit; Nombre; en; Lavar; INFLAMABLE; Amida; ha; Y; Posible; 2; humana; salud; incompleta; INGREDIENTES; PERSONAL; ocurra; FABRICANTE; deben; QUIMICA; piel; afectados; No;  2018 ; Si; sensibilidad;  108 ; su; ayuda; hay; tóxico;  0 ; DEL; PELIGRO; Obtenga; 44 ; Ojos; Empresa; causar; con; ser; agua; Riesgos; espuma; confirmado; futuras; use; tierra; Medios; RIESGOS; SUSTANCIA; Producto; para; medidas; Peligros; moderadamente; SOBRE; Clase; Peligros: Este producto no es inflamable, pero podría arder; B; exposiciones; Indicaciones; Octubre; ojos; Primeros; desarrollado; personal; Resina; CO2; 49 ; bioacumulativo; no; el; observadas; Fecha; TECNIDECOR; del; arder; contaminada; INDUZCA;  1 ;  900112215-2 ; Piel; producto; Use; Puede; chorros; arena; AL; poliamida; donde; por; ropa; CAS;  3 ;  68082-29; se; DEMORE;  1263 ; CATALIZADOR; la; COMPONENTE; carbono; PELIGRO FÍSICO 0 PROTECCIÓN PERSONAL ; inflamable; Pbx; higiene; incendio; es; ambiente; 99 ; 3; peces; EPOXICO; y;  444 ; persiste; polvo; SE; S; medio; DE; NO; SALUD; Incendio; UN; de; grande; biodegradable; A; contacto; presencia",DEL FABRICANTE Y DE LA SUSTANCIA QUIMICA Empresa: TECNIDECOR S.A.S Nit: 900112215-2 Pbx: 444 49 44 N...
FDS 32 -CATALIZADOR-EPOXIPOLIAMIDA_S05_001,FDS 32 -CATALIZADOR-EPOXIPOLIAMIDA,5,Medidas de lucha contra incendios,text,78,,,"niebla; Este; pero; carbono; seco; agua; inflamable; incendio; espuma; arder; use; es; tierra; Posible; 2; Medios; producto; incompleta; Peligros; Use; ocurra; polvo; S; chorros; Peligros: Este producto no es inflamable, pero podría arder; arena; No; donde; Incendio; CO2; de; grande; no; presencia","S Medios de extinción de incendio Incendio pequeño: Use CO2, polvo químico seco, arena, tierra ó esp..."
FDS 32 -CATALIZADOR-EPOXIPOLIAMIDA_S06_001,FDS 32 -CATALIZADOR-EPOXIPOLIAMIDA,6,Medidas en caso de liberación accidental,text,150,,,material; o; SEGURIDAD; los; lugar; con; 0 ;  8; mediante; extinguir; agua; Absorba; salvamento; es; posible; contaminada; tierra;  1 ; abundante; Transfiere; cualquier; producto; uso; llama; EPOXICO; y; Derrames; para; Lave; si; AMIDA; riegue; tambor; rios; prevenga; derramado; un; arena; evite; seguro; HOJA; pase; remueva; derrame; DE; Si; fugas; 3 ; Barra; alcantarillas;  108 ; instrucciones; que; personal; ES; derrames; posterior; su; Vea; a; se; de; drenajes; recoja; CATALIZADOR; no; el; grandes; la,ES 108 HOJA DE SEGURIDAD CATALIZADOR EPOXICO AMIDA 1 0 3 Derrames y fugas: extinguir cualquier llama...
FDS 32 -CATALIZADOR-EPOXIPOLIAMIDA_S07_001,FDS 32 -CATALIZADOR-EPOXIPOLIAMIDA,7,Manejo y almacenamiento,text,139,,,tales; C; tambores; los; reacondicionarlos; con; del; ser; recomendada; en; original; preferiblemente; menos; lave; es; Y; aplaste; ese; temperatura; Bajo; lavado; producto; Manejo; al;  95; y; 90°C; 95°C; para; empaque;  90; estas; bombear; Incinere; debe; haya; vida; un; Lavado; solventes; alternativa; Preferiblemente; humedad; Debe; Como; normal; ALMACENAJE; que; manejar; condiciones; a; almacenado; cerrado; de; almacenamiento; Almacenamiento; no; el; La; concentrados; la,Y ALMACENAJE Manejo de la temperatura: La máxima temperatura recomendada para bombear ó manejar el p...
FDS 32 -CATALIZADOR-EPOXIPOLIAMIDA_S08_001,FDS 32 -CATALIZADOR-EPOXIPOLIAMIDA,8,Controles de exposición/protección personal,text,94,,,gas; riesgo; con; construida; respirar; En; use; cartucho;  20 ; posible; es; una; ventilación; y; PERSONAL; Normalmente; para; expulse; requiere; niveles; un; Controles; evento; NPE; Si; establecidas; solo; por; personal; local; se; de; hay; filtros; vapor; no; el; recomendadas,", PROTECCIÓN PERSONAL Controles de exposición: no hay niveles de exposición recomendadas ó estableci..."
FDS 32 -CATALIZADOR-EPOXIPOLIAMIDA_S09_001,FDS 32 -CATALIZADOR-EPOXIPOLIAMIDA,9,Propiedades físicas y químicas,text,64,,,C; 30 °C; Incoloro; Irritante; Color; Peso; en; agua;  00.00 %; Densidad; Gravedad; gln; Volumen; Punto; Y; Estado; Insoluble;  68.00 %; PVC; irritante; kg; Olor; Solubilidad;  30 ;  0.933 ; QUIMICAS; de;  30.00 %;  3.53 ,Y QUIMICAS.  Estado Físico: Líquido Color: Incoloro  Olor: Irritante  Solubilidad en agua: Insolu...
FDS 32 -CATALIZADOR-EPOXIPOLIAMIDA_S10_001,FDS 32 -CATALIZADOR-EPOXIPOLIAMIDA,10,Estabilidad y reactividad,text,86,,,C; aminas; estable; Otra; alrededor; con; Condiciones; en; ambiente; normales; vigorosa; temperatura;  200; una; Estabilidad; reacciona; y; inducir; oxidantes; Agentes; pueden; fuertes; mercaptanos; Lewis; condiciones; a; de; 200°C; Materiales; evitar; temperaturas,Estabilidad: estable en condiciones normales a temperatura ambiente. Condiciones a evitar: condicion...
FDS 32 -CATALIZADOR-EPOXIPOLIAMIDA_S11_001,FDS 32 -CATALIZADOR-EPOXIPOLIAMIDA,11,Información toxicológica,text,140,,,potencial; mutágeno; pero; cabeza; N; Ojos; los; mareo; SEGURIDAD; vivo; toxicidad; rata; 0 ; del; vitro; sensibilizador; 50 ; mismo; en; D; es; causan;  1 ; Sensibilidad; humana; 3; desvanecimiento; producto; Piel; y; aguda; efectos; EPOXICO; AMIDA; piel; solventes; Otros; La; depende; conejo; Oral; HOJA; dolor; DE; tóxico; LD50;  108 ; Toxicidad; Vapores; se; in; observa; de; dificultad; El; CATALIZADOR; no; durante; moderado; concentrados; la,.  El producto es tóxico. La toxicidad del producto depende de la emanación de los solventes durant...
FDS 32 -CATALIZADOR-EPOXIPOLIAMIDA_S12_001,FDS 32 -CATALIZADOR-EPOXIPOLIAMIDA,12,Información ecológica,text,144,,,microorganismos; potencial; Pow; LA; regionales; NOTA; o; los; toxicidad; con; del; en; relacionadas; nacional; rango; regulaciones; las; Ecotoxicidad; usuario; materia; es; EMBALAJE; Persistencia; ambiente; Se; Moderado; residuos; y; log; para; animales; requiere; moderadamente; insignificante; nacionales; SOBRE; debe; disposiciones;  3-5;  13; No; medio; DE; algas; tóxico; CONSIDERACIONES; ELIMINACION; realizarse; arreglo; hacia; esta; a; in; existencia; de; biodegradable; no; el; La; la,". Ecotoxicidad: moderadamente tóxico en animales acuáticos, no tóxico para algas, insignificante tox..."
FDS 32 -CATALIZADOR-EPOXIPOLIAMIDA_S13_001,FDS 32 -CATALIZADOR-EPOXIPOLIAMIDA,13,Consideraciones de eliminación,text,259,,,potencial; LA; los; en; relacionadas; nacional; Ecotoxicidad; materia; al; log; locales; componentes;  15; No; regulados; realizarse; in; tóxico; Algunos; con;  2002;  1609 ; regulaciones; usuario; Persistencia; transporte; Moderado; cubre; seguridad; para; moderadamente; SOBRE; debe;  3-5; Ministerio; lo; algas; internacionales; existencia; no; el; Transporte; NOTA; descrito; del; embalaje; residuos; requiere; insignificante; complementarias; disposiciones; CONSIDERACIONES; ELIMINACION; se;  1263 ; aplicables; La; la; microorganismos; dar; Pow; regionales; o; toxicidad; rango; las; es; III; EMBALAJE; ambiente; Consultar; Se; y; sus; animales; nacionales;  13; estan; hoja; medio; DE; arreglo; esta; hacia; Decreto; proporcionada; UN; a; de; cumplimiento; biodegradable; Grupo,". Ecotoxicidad: moderadamente tóxico en animales acuáticos, no tóxico para algas, insignificante tox..."
FDS 32 -CATALIZADOR-EPOXIPOLIAMIDA_S14_001,FDS 32 -CATALIZADOR-EPOXIPOLIAMIDA,14,Información sobre transporte,text,115,,,dar; NOTA; descrito; el; Algunos; del;  2002; en;  1609 ; regulaciones; las; usuario; III; embalaje; transporte; Se; Consultar; cubre; al; y; seguridad; para; sus; requiere; complementarias; nacionales; SOBRE; locales; debe; disposiciones; componentes; Ministerio;  15; lo; estan; hoja; regulados; hacia; Decreto; proporcionada; UN; internacionales; se; existencia; de; cumplimiento;  1263 ; aplicables; Transporte; Grupo; La; la,. Número UN: 1263 Grupo de embalaje: III 15. INFORMACIÓN SOBRE REGLAMENTACIÓN. Algunos de sus compon...
FDS 32 -CATALIZADOR-EPOXIPOLIAMIDA_S15_001,FDS 32 -CATALIZADOR-EPOXIPOLIAMIDA,15,Información reglamentaria,text,250,,,ni; en; conocemos; reciban; brindar; una; al; deben; locales; componentes; propiedades;  15; NTC; regulados; fin; su; almacenamiento; personas; Esta; productos; Algunos; con;  2002;  1609 ; causado; regulaciones; usuario; transporte; cubre; seguridad; para; SOBRE; debe; ya; Ministerio; lo; internacionales; existencia; no; el; Transporte; Las; NOTA; material; descrito;  4435; del; TECNIDECOR; embalaje; responsable; cliente; basada; como; producto; tiene; requiere; complementarias; disposiciones; inadecuado; un; que; por; se;  1263 ; aplicables; La; cada; la; dar; o; precauciones; ejercer; Norma; las; III; Consultar; Se; nuestros; uso; y; sus; propio; apropiada; nacionales; S; manejo; determinar; este; estan; criterio; conveniencia; hoja; hace; Para; hacia; Decreto; proporcionada; UN; a; de; cumplimiento; A; Grupo,. Número UN: 1263 Grupo de embalaje: III 15. INFORMACIÓN SOBRE REGLAMENTACIÓN. Algunos de sus compon...
FDS 32 -CATALIZADOR-EPOXIPOLIAMIDA_S16_001,FDS 32 -CATALIZADOR-EPOXIPOLIAMIDA,16,Otra información,text,134,,,Las; o; material; la; productos; precauciones;  4435; con; del; ejercer; TECNIDECOR; en; ni; Norma; causado; las; conocemos; reciban; responsable; cliente; brindar; basada; como; producto; tiene; una; uso; nuestros; seguridad; para; propio; deben; apropiada; S; manejo; inadecuado; determinar; este; propiedades; ya; un; NTC; criterio; conveniencia; hoja; hace; fin; Para; que; por; su; almacenamiento; a; se; de; personas; Esta; A; no; el; cada,. Esta hoja de seguridad tiene como fin sólo a brindar una guía basada en la Norma NTC 4435. Para el...
FDS 32 -CATALIZADOR-EPOXIPOLIAMIDA_S03_001,FDS 32 -CATALIZADOR-EPOXIPOLIAMIDA,3,Tabla 1,table,18,,,0;  130 ; HOJADESEGURIDADCATALIZADOREPOXICOAMIDA; 3; 1;  4;  3;  2;  108 ,0: 108 | 2: HOJADESEGURIDADCATALIZADOREPOXICOAMIDA | 3: 130 | 4: Página1de3
FDS 32 -CATALIZADOR-EPOXIPOLIAMIDA_S08_001,FDS 32 -CATALIZADOR-EPOXIPOLIAMIDA,8,Tabla 1,table,21,,,"SALUD; PELIGROFÍSICO | 1: 0
0: PROTECCIÓNPERSONAL
0: ;  1
; 0;  3
; 
0;  0
; inflamable;  1; INFLAMABLE","0: SALUD | 1: 3
0: INFLAMABLE | 1: 1
0: PELIGROFÍSICO | 1: 0
0: PROTECCIÓNPERSONAL
0: ."
FDS 32 -CATALIZADOR-EPOXIPOLIAMIDA_S03_001,FDS 32 -CATALIZADOR-EPOXIPOLIAMIDA,3,Tabla 1,table,18,,,0; 2;  130 ; HOJADESEGURIDADCATALIZADOREPOXICOAMIDA; 3;  4;  3;  2;  108 ,0: 108 | 2: HOJADESEGURIDADCATALIZADOREPOXICOAMIDA | 3: 130 | 4: Página2de3
FDS 32 -CATALIZADOR-EPOXIPOLIAMIDA_S03_001,FDS 32 -CATALIZADOR-EPOXIPOLIAMIDA,3,Tabla 1,table,18,,,0;  130 ; HOJADESEGURIDADCATALIZADOREPOXICOAMIDA; 3;  4;  3;  2;  108 ,0: 108 | 2: HOJADESEGURIDADCATALIZADOREPOXICOAMIDA | 3: 130 | 4: Página3de3
FDS 30 - Rust Proof Enamel Machinery Light Gray Spray Paint_S01_001,FDS 30 - Rust Proof Enamel Machinery Light Gray Spray Paint,1,Identificación del producto y la empresa,text,133,,,Information;  703-527; Rust;  215-674; Warminster;  800-424; ication; Louis; of; Inc;  18114 ; 4300 ; Machinery; International; use; Supplier; Recommended; CHEMTREC; Product; CRC; Address; Manufacturer;  885 ;  800-523168 ; Technical; Gray; Assistance; 24; Customer; Website; means; Spray; Paint; Proof; General; Service; None; 3887 ;  800-272; crcindustries; Distributor; Industries; identification; Emergency; 4620 ; known; restrictions; Dr; Telephone; Hour; PA;  18974 ; name; Light; US; information; com; 9300 ; Enamel; Importer; Company; Coating; Other; www; code; identifier,ication Rust Proof Enamel Machinery Light Gray Spray Paint Product identifier Other means of identif...
FDS 30 - Rust Proof Enamel Machinery Light Gray Spray Paint_S02_001,FDS 30 - Rust Proof Enamel Machinery Light Gray Spray Paint,2,Identificación de peligros,text,506,,,Environmental; gas; hot; SDS; CategoryCarcinogenicity; increase; only;  12 ; Rinse; been; center; Pressurized; cause; heat; pressure; attention; label; special; surfaces; supply; serious; comfortable; Category; easy; several; Wash; lights; Do; precautions; understood; single; pilot; No; and; Danger;  01 ; through; energized; date; from; mist; readily; all; fresh; you; have; even; in; water; rinsing; Open; before; Rust; other; concerned; of; leave; exposed; Signal; Obtain; Machinery; use; Contains; Call; breathe; repeated; safety; elements; aerosols; with; means; Wear; is; symptoms; Gray; Proof; poison; clothing; lenses; Get; classified; feel; Issue; Suspected; ventilation; OSHA; If; if; eyes; pierce; damage; away; windows; ensure; while; hazards; organ; Enamel; Serious; Not; instructions; inhaled; Flammable; air; person; area; Material; Physical; ignition; spray; experience; flame; until; read; irritation; an; Vapors; aerosol; Response;  18114 ; keep;  2; source; present; heaters; toxicity;  1 ; doctor; cancer; gloves; face; handling; Continue; exposure; Spray; May; Use; any; Paint; listed; effects; gone; Remove; Liquefied; word; equipment; Gases; statement; under; protective; Health; Prevention; container; adequate; the; apply; name; Version; handle; Light; Keep; on;  3 ; protection; Specific; vapor; breathing; explode; for; burn; causing; are; smoking; do; Extremely; Hazard; narcotic; may; after; Extinguish; product; flames; will; dizziness; flammable; persists; minutes; cautiously; contact; eye; drowsiness; this; doors; open;  2 ; organs; to; during; accumulate; Label; maintain; unwell; or; not; drying; US; target; prolonged; thoroughly; a; Causes; ignite; vapors; defined; heated; sparks; medical; Precautionary,Category 1 Flammable aerosols Physical hazards Liquefied gas Gases under pressure Category 2A Seriou...
FDS 30 - Rust Proof Enamel Machinery Light Gray Spray Paint_S02_002,FDS 30 - Rust Proof Enamel Machinery Light Gray Spray Paint,2,Identificación de peligros,text,123,,,C; Storage; contents; temperature; Disposal; Protect; do; accordance; concerned; irritation; Hazard; exposed; of; may; cause; present; ventilated; otherwise; exceeding; persists; attention; contact; eye; Continue; with; lenses; Get; sunlight; easy; place; None; classified; Do; to; locked; Remove; high; burst; 122; Exposure; known; If; if; 50°C; s; and; or; not; Dispose; Store; expose; container; regulations; HNOC; well; local; regional; F; up; can; from; a; in; rinsing;  50; 122°F; temperatures; medical; national,"Remove contact lenses, if present and easy to do Continue rinsing If eye irritation persists: Get me..."
FDS 30 - Rust Proof Enamel Machinery Light Gray Spray Paint_S03_001,FDS 30 - Rust Proof Enamel Machinery Light Gray Spray Paint,3,Composición/información sobre los ingredientes,text,117,2807-30-9; 74-98-6; 67-64-1; 110-19-0; 100-41-4; 107-87-9; 108-10-1; 106-97-8,,ether;  67-64; 9 ; 2807-30-9; trade; 74-98-6; composition; 110-19-0; been; ingredients; 0 ; n; of; 108-10; as; 4 ; ethylene; dioxide; Specific; acetate; titanium; acetone; 100-41-4; 100-41; isobutyl; Common; 107-87-9; chemical; 2807-30; identity; Mixtures; glycol; ketone; secret; methyl; 8 ; propyl; ethylbenzene; 74-98;  5 - 10 ; number;  10 - 20 ; and; 108-10-1; or;  30 - 40 ; 106-97-8;  1 - 3 ; name; Chemical; synonyms;  0.2 ; on; information; CAS; 6 ; 67-64-1; percentage; has; propane; a; 134667-7 ; 1 ; withheld; butane;  3 - 5 ; 110-19; 106-97; 107-87,/information on ingredients Mixtures CAS number Common name and synonyms Chemical name % 67-64-1 ace...
FDS 30 - Rust Proof Enamel Machinery Light Gray Spray Paint_S04_001,FDS 30 - Rust Proof Enamel Machinery Light Gray Spray Paint,4,Primeros auxilios,text,303,,,flush; event; immediate; Skin; tearing; Rinse; treat; center; cause; Symptoms; attention; special; control; comfortable; aware; easy; precautions; Provide; Severe; CENTER; and; in; be; fresh; rinsing; you; In; water; redness; acute; themselves; Immediately; concerned; of; exposed; chronic; Call; plenty; skin; measures; Ensure; with; Eye; lenses; Get; poison; symptoms; General; needed; shower; feel; treatment; Inhalation; eyes; if; protect; unlikely; symptomatically; observation; develops; air; personnel; material; irritation; keep; blurred; present; POISON; doctor;  15 ; physician; Continue; exposure; May; effects; include; Remove; position; general; under; s; delayed; the; least; Keep; at; IF; breathing; for; are; swallowing; rest; do; may; vision; Headache; dizziness; persists; contact; minutes; eye; drowsiness; Indication; involved; Ingestion; to; Nausea; mouth; unwell; important; Prolonged; Most; or; vomiting; supportive; information; victim; swelling; a; advice; that; take; stinging; medical,Remove victim to fresh air and keep at rest in a position comfortable for breathing. Call a POISON C...
FDS 30 - Rust Proof Enamel Machinery Light Gray Spray Paint_S05_001,FDS 30 - Rust Proof Enamel Machinery Light Gray Spray Paint,5,Medidas de lucha contra incendios,text,274,,,SDS; formed; containers;  12 ; spaces; Pressurized; heat; fire; hazardous; 2; Special; pressure; gases; Stop; helmet; Do; precautions; and;  01 ; Unsuitable; date; from; in; be; including; In; water; you; Containers; when; must; shield; arising; extinguisher; Rust; as; exposed; rubber; of; rupture; should; Machinery; use; Water; measures; Gray; chemical; with; Proof; General; Fire; Issue; fog; Alcohol; if; retardant; CO2; can; media; Enamel; hazards; health; standard; case; instructions; Dry; area; SCBA; Material; build; flame; enclosed; Carbon; an; aerosol;  18114 ; coat; spread; face; gloves; foam; Spray; Paint; cooled; extinguishing; Suitable; equipment; fighting; powder; under; protective; safe; container; name; the; Version; risk; Light; boots; Firefighters; Contents; Specific; vapor; for; jet; do; Move; may; dioxide; will; firefighters; flammable; During; this; prevent;  2 ; resistant; to; so; or; not; US; up; leak; Extremely; without,measures Water fog. Alcohol resistant foam. Dry chemical powder. Carbon dioxide (CO2). Suitable exti...
FDS 30 - Rust Proof Enamel Machinery Light Gray Spray Paint_S06_001,FDS 30 - Rust Proof Enamel Machinery Light Gray Spray Paint,6,Medidas en caso de liberación accidental,text,376,,,basements; Environmental; drains; SDS; immediate; containers; surface; spaces; discharge; sparks; environment; waste; unnecessary; gases; unless; Stop; Do; precautions; see; and; spillage; from; in; mist; self; be; all; disposal; Methods; water; suitable; entering; contained; onto; people; heavier; need; before; procedures; absorbent; than; of; spillages; containment; should; clean; sewers; breathe; measures; along; Wear; For; with; is; clothing; closed; ground; Emergency; Avoid; damaged; if; labeled; wood; environmental; away; spilled; materials; personal; Ventilate; releases; Clean; courses; no; air; area; Eliminate; fleece; flares; personnel; material; ignition; wearing; cloth; Put; spread; emergency; leakage; touch; Personal; paper; further; remove; g; Inform; contamination; equipment; areas; collect; protective; safe; oil; the; Prevent; risk; Keep; Wipe; protection; etc; breathing; vapor; spill; for; are; managerial; tanks; out; authorities; smoking; supervisory; Many; do; release; product; advised; flames; will; leak; this; during; to; covered; so; low; cannot; sources; combustibles; or; significant; not; them; up; flow; upwind; thoroughly; appropriate; Local; confined; cleaning; into; e; residual; without,measures Keep unnecessary personnel away. Keep people away from and upwind of spill/leak. Keep out o...
FDS 30 - Rust Proof Enamel Machinery Light Gray Spray Paint_S07_001,FDS 30 - Rust Proof Enamel Machinery Light Gray Spray Paint,7,Manejo y almacenamiento,text,384,,,C; SDS; static; containers; only; been; live; 122 °F; surface; Pressurized; cause; heat; environment; fire; near; exceeding; weld; solder; special; label; store; conduct; Do; precautions; drill; understood; flash; see; it; Should; 50°C; and; incinerate; user; which; energized; from; sprayed; charge; in; mist; all; be; usage; have; even; including; before; around; other; possible; of; Precautions; Obtain; use; naked; breathe; contacts; safety; with; Wear; missing; hygiene; is; For; puncture; crush; closed; caution; Avoid; eyes; if; pierce; button; Aerosol; dry; defective; Store; shock; away; personal; materials; well; can; 122 ; while; electrical; using; cut; instructions; material; ignition; grind; spray; flame; until; read; practices; an; source; ventilated; smoke; handling; exposure; Use; any; place; Level; equipment; areas; protective; safe; container; This; expose; the; handle; on; F;  3 ; incompatibilities;  50; temperatures; vapor; for; burn; metal; result; good; Protect; release; do; electricity; after; may; product; will; spark; contact; Conditions; The; handled; sunlight; open; storage; please; industrial; systems; to; incandescent; accumulate; injury; Observe; sources; or; not; incompatible; prolonged; thoroughly; a; appropriate; become; sparks,Obtain special instructions before use. Do not handle until all safety precautions have been read an...
FDS 30 - Rust Proof Enamel Machinery Light Gray Spray Paint_S08_001,FDS 30 - Rust Proof Enamel Machinery Light Gray Spray Paint,8,Controles de exposición/protección personal,text,254,74-98-6; 67-64-1; 100-41-4; 110-19-0; 13463-67-7; 107-87-9,,"0; SDS; 74-98-6; only;  12 ; Form; 100-41-4;  5 ; 13463-67-7; isobutyl; Respirable; Air; CFR; propyl;  01 ; 9; which; 67-64-1; date; have; following;  150 ; TLV or other recommended exposure limit At this time, the other constituents have no known exposure limits US; Rust; other; of; Machinery;  2400 ;  1910.1000; PEL 2400 mg/m3 acetone (CAS 67-64-1) 1000 ppm PEL 435 mg/m3 ethylbenzene (CAS 100-41-4) 100 ppm PEL 700 mg/m3 isobutyl acetate (CAS 110-19-0) 150 ppm PEL 410 mg/m3 methyl isobutyl ketone (CAS 1010-1) 100 ppm PEL 700 mg/m3 methyl propyl ketone (CAS 107-87-9) 200 ppm PEL 1800 mg/m3 propane (CAS 74-98-6) 1000 ppm PEL 15 mg/m3 Total dust titanium dioxide (CAS 13463-67-7) 3 / 12 Material name: Rust Proof Enamel Machinery Light Gray Spray Paint 18114 Version #: 01 Issue date: SDS US US; Gray; 107-87-9; Proof;  200 ; recommended; At; Issue; Type; ppm;  13463-67; PEL, TLV or other recommended exposure limit At this time, the other constituents have no known exposure limits US; OSHA; 3 ; Occupational; personal; Enamel; propane; limits; no;  435 ; Material;  67-64; dust; 7;  1010-1;  50 ;  18114 ; PEL; time; titanium;  15 ; Contaminants; fraction; exposure; Spray; Paint; ketone; 29 ; ethylbenzene; 1; Z; known;  74-98; name; the; Version; Light; Table;  107-87;  3 ; CAS;  410 ; protection; mg;  110-19; Components; 1 ; constituents; TWA; for; are;  700 ;  100 ; Limits; 110-19-0; Total;  100-41; product; dioxide; acetate; acetone; Value; mppcf; TLV; The; this; m3; 6; methyl;  1000 ; limit;  1800 ; or; US; a; 4",/personal protection Occupational exposure limits The following constituents are the only constituen...
FDS 30 - Rust Proof Enamel Machinery Light Gray Spray Paint_S08_002,FDS 30 - Rust Proof Enamel Machinery Light Gray Spray Paint,8,Controles de exposición/protección personal,text,510,74-98-6; 67-64-1; 100-41-4; 110-19-0; 13463-67-7; 107-87-9; 108-10-1; 106-97-8,,0; phenylglyoxylic; SDS; Specimen; 74-98-6;  0.15 ; Skin;  205 ;  12 ; been; sampling; 50 ; glasses; Threshold; airborne; 100-41-4; 13463-67-7; isobutyl; conditions;  125 ; Respirable; levels; propyl; engineering; Provide; see; eyewash; and; 108-10-1; goggles; acid; per;  01 ; 9; values; 67-64-1; date; in; be; Appropriate; have; hour; Guide;  150 ; Rust; Pocket; other;  106-97; typically; as; of; NIOSH; rubber; process;  75 ; should; Machinery; level; Acetone; use; Biological; changes; measures; Gray; safety; 107-87-9; For; controls; Wear; below;  1900 ; with; Eye; Proof; recommended; Issue; Type; ppm;  13463-67; ventilation; If;  590 ; 3 ; 106-97-8; personal; Enamel; propane; limits;  4 ; urine; 100 ; Sum; Time; air; 15 ;  435 ; Ventilation; Material;  67-64; applicable; shields; rates; 7;  800 ; an;  50 ;  18114 ; source;  108-10; Limit; titanium;  1 ; Methyl; face;  25 ; gloves; Hazards; fraction; exposure; Determinant; g; Spray; Paint; ketone; 8; ethylbenzene; equipment; 1;  530 ; general;  74-98; Exposure; document; protective;  10 ; mandelic; name; the; Chemical; Version; local; Light; CAS;  107-87;  250 ; protection; mg;  110-19; Components; butane;  545 ; TWA; station;  700 ; 110-19-0;  100-41; n;  300 ; dioxide;  20 ; acetate; acetone; Nitrile; details; Values; mppcf; Value; acceptable; used;  500 ; such; l; please; matched; m3; 6; methyl; to; enclosures; STEL;  1000 ; maintain; Good; Urine; exhaust; limit; established;  1800 ; or; Sampling; not; side; ACGIH; US; Individual; Butyl; Indices; 4; Creatinine,15 mppcf Respirable fraction US. ACGIH Threshold Limit Values Value Components Type STEL 500 ppm ace...
FDS 30 - Rust Proof Enamel Machinery Light Gray Spray Paint_S08_003,FDS 30 - Rust Proof Enamel Machinery Light Gray Spray Paint,8,Controles de exposición/protección personal,text,200,,,monitoring; spaces; work; approved; respirator; levels; Air; engineering; and; self; in; Other; suitable; contained; when; before; as; rubber; NIOSH; use; emergencies; surveillance; measures; Wear; controls; with; hygiene; is; General; clothing; needed; cartridge; If; if; personal; When; observe; hazards; using; limits; material; applicable; contaminants; Hand; an; requirements; smoke; handling; exposure; remove; Use; any; considerations; wash; Respiratory; equipment; necessary; thermal; washing; protective; the; Thermal; protection; breathing; vapor; determine; for; are; smoking; good; feasible; do; organic; after; employee; such; Routinely; exceeds; to; drinking; apparatus; Observe; eating; or; not; actual; Butyl; a; appropriate; confined; medical; Always,Butyl rubber Hand protection Wear suitable protective clothing Other If engineering controls are not...
FDS 30 - Rust Proof Enamel Machinery Light Gray Spray Paint_S09_001,FDS 30 - Rust Proof Enamel Machinery Light Gray Spray Paint,9,Propiedades físicas y químicas,text,199,,,C; Physical; gas; ignition;  80.7 %;  0.77 - 0.85 ; temperature; Percent; Form; Color; solid;  132; n; volatile; Vapor;  689 ; coefficient; kinematic; gray; Melting; Auto;  1 ; -2.2 °F (-19 °C); Odor; flammability; pressure; 689 °F (365 °C);  2366.8 ; 365 ; lower; Evaporation; available; rate; Upper; Decomposition; 56.1 °C;  1; hPa; Flammability; point; range; upper; Viscosity; 19 ; limit; boiling; Aerosol; 2.2 ; and; or; octanol; 56.1 ; Flash; Light; Appearance; pH;  10.9 %; freezing; F; estimated; Liquid; explosive; density; Relative; state; Initial; limits; Solubility;  1.7 %; water; threshold; Not; Partition; air; Aromatic,Appearance Liquid. Physical state Aerosol. Form Light gray. Color Aromatic. Odor Odor threshold Not ...
FDS 30 - Rust Proof Enamel Machinery Light Gray Spray Paint_S10_001,FDS 30 - Rust Proof Enamel Machinery Light Gray Spray Paint,10,Estabilidad y reactividad,text,155,,,Material; SDS; Incompatible; Nitrates; are; Rust;  12 ; Reactivity; Possibility; of; product;  18114 ; Fluorine; Machinery; flames; use; hazardous;  5 ; Contact; conditions; Conditions; decomposition; Gray; reactive; with; The; is; stability; Spray; Proof; Paint; storage; agents; Heat; reaction; reactions; Chlorine; to; Issue; oxidizing; known; No; under; Acids; Hazardous; and; Strong; non; normal; name; Chemical; materials;  01 ; stable; Version; products; Light; transport; US; incompatible; date; Enamel; dangerous; avoid; sparks,"The product is stable and non-reactive under normal conditions of use, storage and transport. Reacti..."
FDS 30 - Rust Proof Enamel Machinery Light Gray Spray Paint_S11_001,FDS 30 - Rust Proof Enamel Machinery Light Gray Spray Paint,11,Información toxicológica,text,508,2807-30-9; 74-98-6; 67-64-1; 100-41-4; 13463-67-7; 107-87-9; 108-10-1,, 16000 ; SDS; 74-98-6; Skin; tearing;  12 ; 50 ;  20000 ; cause; Symptoms; components; 100-41-4;  3.73 ; 13463-67-7; shown; isobutyl; serious; available; LC50; propyl; corrosion; Severe; No; 18-2016 ; likely; and; 108-10-1;  01 ; 9; through; 67-64-1; date;  17.2 ; be; mutagenic; redness; indicate; Information; 2807-30-9; Results;  3500 ; Rust;  6 ; than; of; ethylene; characteristics; Machinery; use; repeated; skin; Hours; Gray; 107-87-9; Eye; chemical; is; Proof; Issue; ppm;  13463-67; Inhalation; based; injuries; genotoxic; damage; Rabbit; Rat; Enamel; propane;  4 ;  4.45 ; Serious; Not;  2080 ; data; Material;  67-64; inhalation; greater; 7; Dermal; irritation;  18114 ; blurred; present;  108-10; titanium; toxicity; routes; toxicological; exposure; Spray; g; May; Paint; any; ketone;  0.1%; effects; include; Respiratory; ethylbenzene;  10000 ; 1; known;  74-98; physical;  5800 ; under;  8.2 ; Oral; Health; This; normal; the; LD50; name; Version; Light; on;  107-87;  3 ; CAS; component; mg; at;  0.87 ; Components; related; ether; for; are;  100-41; may; product; sensitization; dioxide; vision; Acute; Headache;  17800 ; dizziness; expected; acetone; sensitizer; Test; contact; Estimates; additional; eye; drowsiness; glycol;  2807-30; l; organs; 6; Ingestion; methyl; to; Nausea; kg; Prolonged; respiratory; or; not; vomiting; Species; US; temporary; swelling; prolonged;  5000 ; a; Causes; stinging; hours; 4; by,Information on likely routes of exposure Inhalation May cause damage to organs through prolonged or ...
FDS 30 - Rust Proof Enamel Machinery Light Gray Spray Paint_S11_002,FDS 30 - Rust Proof Enamel Machinery Light Gray Spray Paint,11,Información toxicológica,text,292,108-10-1; 100-41-4; 13463-67-7,,Skin; cause; components; Substances; 100-41-4; National; 13463-67-7; isobutyl; available; harmful; CFR; regulated; single; No; developmental; and; 108-10-1; through; Specifically; be; mutagenic; indicate; than; Chronic; of; Aspiration; hazard; chronic; repeated; skin;  1910.1001-1050; Regulated; NTP; is;  13463-67; Suspected; Evaluation; OSHA; Reproductive; genotoxic; Report; damage; Germ; organ; Not; data; Possibly; inhalation; greater; 7; Overall; an; Carcinogens; reproductive;  2; present;  108-10; titanium; toxicity; cancer; exposure; humans; May; any; listed; ketone;  0.1%; 29 ; effects; ethylbenzene; 1; Monographs; This; CAS; on; Program; at; Specific; are; causing;  100-41; cell; may; product; carcinogenic; sensitization; dioxide; dizziness; expected; drowsiness; organs; methyl; to; aspiration; Prolonged; or; not; IARC; US; mutagenicity; target; prolonged; Toxicology; 4; Carcinogenicity,This product is not expected to cause skin sensitization Skin sensitization No data available to ind...
FDS 30 - Rust Proof Enamel Machinery Light Gray Spray Paint_S12_001,FDS 30 - Rust Proof Enamel Machinery Light Gray Spray Paint,12,Información ecológica,text,407,67-64-1; 100-41-4; 13463-67-7; 107-87-9; 108-10-1,,Oncorhynchus; SDS;  12 ; 50 ; Fish; Bioaccumulative; soil; 100-41-4; shown; 13463-67-7; isobutyl; Daphnia; Fathead; log; Pimephales;  7 ; available; Persistence; LC50; propyl;  2.1 ; flea; No; and; 108-10-1;  1190 - 1290 ; Bioconcentration;  3.15 ;  01 ; 9; 67-64-1; mykiss; date; from; in; be; minnow;  10294 - 17704 ; water; Other; factor; Results; BCF; Rust; global; other; photochemical; of; endocrine;  1.31 ; Machinery;  4740 - 6330 ;  492 - 593 ; magna;  2.89 ; Water; Gray; 107-87-9; trout; is; Proof; Crustacea;  96 ; Ecotoxicity; Issue; degradability;  13463-67; based; environmental; donaldson; Enamel; propane; disruption;  2.36 ; Mobility; Partition; 0.24 ; data; Material;  67-64; Rainbow; 7;  352 ; Kow;  18114 ;  108-10; titanium; potential; Spray; g; Paint; ketone; effects; EC50; ethylbenzene; 1;  1.78 ; name; the; octanol; Version; Light; CAS;  107-87; on; component; coefficient; mg; Aquatic; Components; 1 ; butane;  0.91 ; for; are;  100-41; promelas; n; may; product; dioxide; Acute; acetate; ozone; acetone; expected; Test; Estimates; additional;  48 ; this; adverse; l; methyl; Fish1; creation;  1000 ; depletion; not; Species; US; warming; hours; e; 4,Ecotoxicity Components Test Results Species acetone (CAS 67-64-1) Aquatic EC50 Crustacea 10294 - 177...
FDS 30 - Rust Proof Enamel Machinery Light Gray Spray Paint_S13_001,FDS 30 - Rust Proof Enamel Machinery Light Gray Spray Paint,13,Consideraciones de eliminación,text,196,,,supplies; unused; containers; ignitable; Empty; approved; waste; pressure; label; ponds; dispose; Do; recycling; flash; and; incinerate; retain; from; in; disposal; all; D001; be; even; RCRA; water; Collect; Disposal; site; of; should; residues; taken; sewers; waterways; with; chemical; puncture; packaging; is; crush; emptied; If; Hazardous; warnings; sealed; products; code; reclaim; Flammable; material; applicable; considered; an; Waste; follow; handling; ditches; considerations; drain; point; contaminate; discarded; under; residue; licensed; container; Dispose; Contaminated; F; Contents; at; for; accordance; after; may; product; Since; 001; used; this; to; or; not; allow; regulations; a; 140 ; into,"considerations If discarded, this product is considered a RCRA ignitable waste, D001. Collect and re..."
FDS 30 - Rust Proof Enamel Machinery Light Gray Spray Paint_S14_001,FDS 30 - Rust Proof Enamel Machinery Light Gray Spray Paint,14,Información sobre transporte,text,294,,,Environmental; SDS; only;  12 ; Special; Limited; Aerosols; precautions;  10;  2.1 ; restrictions; No; and; non; user;  01 ; date; U; Other; procedures; before; Rust; EmS; Quantity; hazard; Machinery; safety; Gray; with;  304 ; exceptions; Proof; Issue; Code; cargo; IMDG; N82; Allowed; Enamel; Marine; hazards; Not; instructions; Material; aircraft; applicable; Passenger; 82 ; D; group; emergency; Packaging; pollutant; handling;  306 ; Spray; class; Paint; shipping; None; provisions; s; name; risk; Light; F; proper; 306 Pa; Cargo; AEROSOLS; Transport; for;  8 ; es; flammable; ERG; Read;  2 ; DOT; S; Class; Label; 304 Pa; number; IATA; US; information; Subsidiary; UN;  181; bulk; Packing,"DOT UN number Aerosols, flammable, Limited Quantity UN proper shipping name 2.1 Class Transport haza..."
FDS 30 - Rust Proof Enamel Machinery Light Gray Spray Paint_S15_001,FDS 30 - Rust Proof Enamel Machinery Light Gray Spray Paint,15,Información reglamentaria,text,444,2807-30-9; 74-98-6; 67-64-1; 100-41-4; 110-19-0; 108-10-1; 106-97-8,,0; SDS; immediate; 74-98-6;  12 ; Notification;  112;  679 ; Substances; Pollutants; 2; 100-41-4; National; Standard; isobutyl; 8802; Act; your; notification; Listed; CFR; regulated; propyl; Air; substance; and; 108-10-1;  01 ; 9; Substance; Specifically; 67-64-1; date; in;  1310.04; resulting;  1310.02; 2807-30-9; f; 21 ; Rust;  112 ;  106-97; as; of; its; ethylene; Machinery; Spills; Drug;  1910.1001-1050; Water; Gray; Regulated;  304 ; is; HAPs; Proof; Safe; Emergency; Drinking; Export; Administration; Issue; OSHA; Hazardous; SARA; CERCLA; Code; Release; 106-97-8; List; TSCA; Enamel; propane; releases; Enforcement; Clean; Not;  1910.1200 ; federal;  302.4; Material; Center;  67-64;  68.130; Toxic; 800-424; Response;  18114 ; D;  2;  108-10; Committee; Title; Spray; any; Paint; ketone; 8; 29 ; Chemicals; ethylbenzene; 1;  74-98; Prevention; Section; This; name; the; Chemical; Version; Light; CAS; 40 ; at;  110-19; Planning; butane;  6532 ; ether; Number; RQ; 110-19-0; EPCRA; release; CAA;  707;  100-41; Hazard; n; product; DEA; III; Reportable; acetate; acetone; ingredient; Subpt; LBS; glycol;  2807-30;  313 ; 6; methyl; to; SDWA;  12; loss; r; Accidental; Essential; or; quantity; regulations; Communication; above; US; require;  5000 ; a; Local;  29 ; b; defined; 4; by,"This product is a ""Hazardous Chemical"" as defined by the OSHA Hazard Communication Standard, 29 CFR ..."
FDS 30 - Rust Proof Enamel Machinery Light Gray Spray Paint_S15_002,FDS 30 - Rust Proof Enamel Machinery Light Gray Spray Paint,15,Información reglamentaria,text,311,67-64-1; 110-19-0; 107-87-9; 108-10-1,,Immediate; 0; SDS;  12 ; subd; priority; Yes; Substances;  679 ; hazardous; 2; isobutyl; Act; CFR; propyl; regulated; tit; Superfund; No; substance; and; 108-10-1;  01 ; 9;  69502.3; Pressure; 67-64-1; date; in; Flavor;  1310.12;  1310.04; Food; Priority;  1310.02; Delayed;  302 ; 21 ; f; Rust;  6715 ; Workplace; of; Machinery; Low; Drug; FEMA; Gray; 107-87-9;  1986 ; Proof; Fire; Issue; Administration; SARA; Code; List; Enamel; Enforcement; Not; Material;  67-64; Consumer; Reactivity;  18114 ;  2;  108-10; 312 ; Cal;  1 ; Amendments; Spray; Mixtures;  35 %; Paint; Reauthorization; ketone; Safety; California; Chemicals; Respiratory; 1; Health; Section; name; the; Chemical; Products; Version; Light; CAS;  107-87; state;  110-19;  6532 ; Exempt; Number; 110-19-0;  22; Hazard; Regulations; DEA; acetate; acetone; WV; Safer;  2 ; methyl; Candidate; FDA; categories; Essential; c; regulations; US; Regs; Manufacturing; b; Extremely;  311,"List 2, Essential Chemicals (21 CFR 1310.02(b) and 1310.04(f)(2) and Chemical Code Number acetone (C..."
FDS 30 - Rust Proof Enamel Machinery Light Gray Spray Paint_S15_003,FDS 30 - Rust Proof Enamel Machinery Light Gray Spray Paint,15,Información reglamentaria,text,417,2807-30-9; 74-98-6; 67-64-1; 100-41-4; 110-19-0; 13463-67-7; 107-87-9; 108-10-1; 106-97-8,,0; SDS; 74-98-6;  12 ; subd; cause; harm; 100-41-4; 13463-67-7; isobutyl; Act; propyl; Know; birth; and; 108-10-1;  01 ; 9;  69502.3; Island; Substance; 67-64-1; date; New; Massachusetts; 2807-30-9; Rust; other;  106-97; Worker; of; Law; ethylene; Machinery; Gray; 107-87-9; chemical; Proof; Issue;  13463-67; 106-97-8; List; Enamel; propane; WARNING; Material;  67-64; 7; State;  18114 ; reproductive;  108-10; titanium; Right; cancer; Jersey; 22; Proposition; Spray; Paint; ketone; 8; California; ethylbenzene; 1; known;  74-98;  10 ; This; name; the; Version; Rhode; Light; CAS;  107-87; defects;  110-19; Pennsylvania; butane; RTK; ether; 110-19-0;  65 ;  100-41; n; product; dioxide; acetate; acetone; glycol;  2807-30; 6; methyl; to; or; Community; US; a; 4; contains,"22, 69502.3, subd (a)) acetone (CAS 67-64-1) ethylbenzene (CAS 100-41-4) ethylene glycol propyl ethe..."
FDS 30 - Rust Proof Enamel Machinery Light Gray Spray Paint_S15_004,FDS 30 - Rust Proof Enamel Machinery Light Gray Spray Paint,15,Información reglamentaria,text,421,108-10-1; 100-41-4; 13463-67-7,,European; Japan;  28; On; components; Notified; Yes; June; Substances; 100-41-4; Developmental;  0.7 ; 13463-67-7; isobutyl; Country; Philippine; E; Act; governing; Listed; CFR; regulated; states;  59; substance; No; and; 108-10-1; comply; exempt; date; from; Flat; in; all; New; Australia; country; Control; China; Existing; region; as; of; Compliant; September; inventory; with; AICS; is; Australian; Domestic; States;  13463-67; Volatile; reactivity; Aerosol; Maximum; MIR; List; TSCA; ENCS; no; Toxic; VOC; Europe; EINECS; 7; Non; CRT;  50 ; State; sale;  2;  108-10; titanium;  2014 ; Rico; requirements; compounds; Proposition; one; Paint; indicates; listed; ketone; DSL; California; Chemicals; ethylbenzene; A; Canada; 1; Korea; Carcinogenic; s; This; name; compliant; Chemical; the; March; CAS; Philippines; on; 40 ; Commercial; November; for; are;  65 ; more; organic; PICCS;  100-41; NDSL; Inventories; product; dioxide; International; ECL; Subpt; yes; Puerto; Inventory; ELINCS; this; methyl; United; toxin;  11;  4;  2004 ; or; incremental; not; regulations; administered; US; EPA; IECSC; listing; a; Zealand; that; 4; by;  2011 ; coatings,US - California Proposition 65 - CRT: Listed date/Carcinogenic substance ethylbenzene (CAS 100-41-4)...
FDS 30 - Rust Proof Enamel Machinery Light Gray Spray Paint_S16_001,FDS 30 - Rust Proof Enamel Machinery Light Gray Spray Paint,16,Otra información,text,289,,,SDS;  12 ; Inc; label; accurate; available; preparation; your; Instability; HMIS; it; undergone; and; supervisor; M;  01 ; date; from; in; be; all; including; contained; Information; Rust; other; as; of; professional; NFPA; its; should; hazard; Machinery; changes; specific; Gray; safety; with; For; best; is; Proof; Industries; Issue; Prepared; B; obtained; if; warnings; reviewed; materials; ratings; combination;  11 ; Revision; Enamel; supplied; using; health; has;  4 ; Not; directions; Material; Physical; material; consult; read; Before;  18114 ; 4 ; valid;  2; clarification;  1 ; CRC; Personal; further; Spray; Paint; any; Disclaimer; Flammability; 2 ; Further; knowledge; document; Health; s; This; name; the; Version; revision; Light; on; protection; for; It; may; product; Cho; believed; Allison; used; entirety; The; last; this;  2 ; to; sources; applies; or; significant; not; US; information; a; by,", including date of preparation or last revision Issue date Allison Cho Prepared by Version # 01 Not..."
FDS 30 - Rust Proof Enamel Machinery Light Gray Spray Paint_S09_001,FDS 30 - Rust Proof Enamel Machinery Light Gray Spray Paint,9,Tabla 1,table,78,,,"0;  703-527;  215-674; 
1; Warminster;  800-424; PA18974US; International;  24; CHEMTREC; Address; Technical; Assistance; Website;  885;  1;  800-272; 9300; 3887;  800-521; crcindustries; Telephone; 
0; 18974; 4620
; 3168
; HourEmergency; US; com; 4300
; CustomerService; www; GeneralInformation","0: Address | 1: 885LouisDr.
1: Warminster,PA18974US
0: Telephone
0: GeneralInformation | 1: 215-674-..."
FDS 30 - Rust Proof Enamel Machinery Light Gray Spray Paint_S09_001,FDS 30 - Rust Proof Enamel Machinery Light Gray Spray Paint,9,Tabla 1,table,115,,,"Category2; 0;  703-527; tion; 2
; Category2A; Physicalhazards; 
1; Category3narcoticeffects; Hazard; International;  2; Flammableaerosols; CHEMTREC; 2; Gasesunderpressure; repeated; 3; Website; Seriouseyedamage; exposure; identifica;  1; 3887; crcindustries; Category1; 1; Healthhazards; 
0; 1
; s; Liquefiedgas; com; Specifictargetorgantoxicity; singleexposure; eyeirritation; www; Carcinogenicity","0: (CHEMTREC) | 1: 703-527-3887(International)
0: Website | 1: www.crcindustries.com
0: 2.Hazard(s)i..."
FDS 30 - Rust Proof Enamel Machinery Light Gray Spray Paint_S08_001,FDS 30 - Rust Proof Enamel Machinery Light Gray Spray Paint,8,Tabla 1,table,265,,,"Productcode; 0;  703-527; GasesunderpressureLiquefiedgas; Environmentalhazards; 2
;  215-674; Physicalhazards; 
1; Warminster;  800-424; Identification; Hazard;  18114
; n; Recommendeduse; Inc; PA18974US; singleexposureCategory3narcoticeffects;  2; International;  24; CarcinogenicityCategory2; identificatio; CHEMTREC; 2; Othermeansofidentification; Address; 3; Manufacturer; Distributorinformation; Technical; Assistance; Website; Seriouseyedamage; exposure;  885;  1;  800-272; 9300; 3887;  800-521; Recommendedrestrictions; crcindustries; CRCIndustries; RustProofEnamelMachineryLightGraySprayPaint; r; 1; Healthhazards; Telephone; 
0; Supplie; eyeirritationCategory2A; 1
; s; 18974; OSHAdefinedhazards; 4620
; 3168
; HourEmergency; Notclassified; US; com; Specifictargetorgantoxicity; 4300
; Productidentifier; FlammableaerosolsCategory1; Noneknown; repeatedCategory2; Importer; CustomerService; Coating; Companyname; www; GeneralInformation","0: 1.Identification
0: Productidentifier | 1: RustProofEnamelMachineryLightGraySprayPaint
0: Otherme..."
FDS 30 - Rust Proof Enamel Machinery Light Gray Spray Paint_S14_001,FDS 30 - Rust Proof Enamel Machinery Light Gray Spray Paint,14,Tabla 1,table,163,,,"nototherwise; C; Storage; 0; Disposal; ventilatedplace; Storeinawell; 
1; Hazard; center; Response; Getmedicalattention; 50; medicalattention; Ifineyes; ifpresentandeasytodo; Ifexposedorconcerned; Get; Rinsecautiouslywithwaterforseveralminutes; doctorifyoufeelunwell;  1; Ifeyeirritationpersists; classified; containerinaccordancewithlocal; Ifinhaled; Removecontactlenses; 122; 
0; 50°C; temperaturesexceeding50; s; HNOC; Exposuretohightemperaturemaycausecantoburst; Continuerinsing; regional; Storelockedup; F; Callapoison; Disposeofcontents; Noneknown; Donotexposeto; 122°F; nationalregulations; Removepersontofreshairandkeepcomfortableforbreathing; Protectfromsunlight","0: Response | 1: Ifinhaled:Removepersontofreshairandkeepcomfortableforbreathing.Callapoison
1: cente..."
FDS 30 - Rust Proof Enamel Machinery Light Gray Spray Paint_S03_001,FDS 30 - Rust Proof Enamel Machinery Light Gray Spray Paint,3,Tabla 1,table,125,2807-30-9; 74-98-6; 67-64-1; 110-19-0; 100-41-4; 13463-67-7; 107-87-9; 108-10-1; 106-97-8,,"0;  67-64; 2807-30-9; 7 ; 74-98-6; 110-19-0; 0 ;  100-41;  106-97; n; 4 ; Commonnameandsynonyms;  2;  108-10; acetone; noningredients; Composition; 100-41-4;  1-3
; 13463-67-7; methylpropylketone; 107-87-9; informatio; Mixtures;  2807-30; ethyleneglycolpropylether;  1; 0.2; isobutylacetate; 8 ;  5-10
;  13463-67; ethylbenzene; Chemicalname; 
0;  74-98; CASnumber; 108-10-1; 106-97-8;  30-40
;  107-87; 6 ; 67-64-1; propane; methylisobutylketone;  110-19; 1 ;  3;  10-20
; butane; titaniumdioxide; 9 ;  3-5
","0: 3.Composition/informatio | 1: noningredients
0: Mixtures
0: Chemicalname | 1: Commonnameandsynony..."
FDS 30 - Rust Proof Enamel Machinery Light Gray Spray Paint_S14_001,FDS 30 - Rust Proof Enamel Machinery Light Gray Spray Paint,14,Tabla 1,table,713,,,"basements; C; drains; 0; ventilatedareas; nosmoking; ventilatedplace; pleaseseetheproductlabel; Avoidreleasetotheenvironment; watercoursesorontotheground; Keepunnecessarypersonnelaway; Usecautionaround; Avoidcontactwitheyes; ifthisiswithoutrisk; weld; solder; orflashfire; Donottouchdamagedcontainersorspilledmaterialunlesswearing; orflamesinimmediatearea; environmentalreleases; buttonismissingordefective; mayresultininjurytotheuserfromelectricalshockand; drill; 
0; Keeppeopleawayfromandupwindofspill; 50°C; Emergencypersonnelneedself; andunderstood; seesection; emergencyprocedures; Forproductusage; contained; Observegoodindustrialhygienepractices; Manygasesareheavierthanairandwillspreadalonggroundandcollectinlowor; 
1; possible; Level3Aerosol; Donotbreathemistorvapor; sewers; Accidentalreleasemea; e; Thismaterialcanaccumulatestaticchargewhichmaycause; protectiveequipmentand; Forwastedisposal;  1; Precautionsforsafehandling; Environmentalprecautions; Avoid; 122; sures; Wearappropriatepersonalprotectiveequipment; if; Eliminateallignitionsources; wood; 10; seeSection10oftheSDS; Handlingandstorage; Donotpuncture; Useonlyinwell; seesection13oftheSDS; instructions; Protectfromsunlightanddonotexposetotemperaturesexceeding; Putmaterialinsuitable; Preventfurtherleakageorspillageifsafetodoso; flares; Forpersonalprotection; Obtainspecialinstructionsbeforeuse; fleece;  7; duringclean; grind; Preventproductfromentering; flame; labeledcontainers; Storeinawell; Personalprecautions; Donothandleorstorenearanopenflame; cloth; Informappropriatemanagerialorsupervisorypersonnelofall; Donotuseifspray; Methodsandmaterialsfor; orexposecontainerstoheat; paper; Themetalcontainerwillconductelectricityifitcontactsalivesource; g; containmentandcleaningup; Stoptheflowofmaterial; Pressurizedcontainer; includinganyincompatibilities; sparkandbecomeanignitionsource; energizedequipment; Donothandleuntilallsafetyprecautionshavebeenread; This; Localauthorities; oil; heatorothersourcesofignition; Keep; Shouldbehandledinclosedsystems; F; etc;  50; confinedareas; 122°F; Donotpierceorburn; Ventilateclosedspacesbeforeenteringthem; tanks; Donotsmokewhileusingoruntilsprayedsurfaceisthoroughlydry; incompatiblematerials; 13; releasetotheenvironment; Keepoutof;  8; breathingequipment; incinerateorcrush; Donotcut; awayfromspilledmaterial; 3; Avoidprolongedexposure; Conditionsforsafestorage; Avoiddischargeinto; covered; orothersourcesofignition; lowareas; shouldbeadvisedifsignificantspillagescannotbecontained; combustibles; Storeawayfrom;  6; up; Wearappropriateprotectiveequipmentandclothing; evenafteruse; Donotsprayonanakedflameoranyotherincandescentmaterial; Cleansurfacethoroughlytoremoveresidualcontamination; leak; sparks; appropriateprotectiveclothing; Wipeupwithabsorbentmaterial","0: 6.Accidentalreleasemea | 1: sures
0: Personalprecautions, | 1: Keepunnecessarypersonnelaway.Keepp..."
FDS 30 - Rust Proof Enamel Machinery Light Gray Spray Paint_S08_001,FDS 30 - Rust Proof Enamel Machinery Light Gray Spray Paint,8,Tabla 1,table,230,107-87-9; 100-41-4; 110-19-0; 13463-67-7,,"0;  1800; 29; Form; 2; 100-41-4; 13463-67-7; Exposurecontrols; avenoknownexposurelimits;  10;  15;  435; 
0; theotherconstituentsh; 9; PEL,TLVorotherr | 3: ecommendedexposurelimit; inco; 107-87-9;  1;  150; Type;  13463-67; 74-98;  700; mpatiblematerials; Occupationalexposurelimits; 3 ;  1000; personal; 
2; methylisobutylketone; propane; Thefollowingconstituentsaretheon; ecommendedexposurelimit; titaniumdioxide; Totaldust; TLVorotherr; 7; 108-10; PEL;  2;  200; Contaminants; CAS67; isobutylacetate; ethylbenzene; TLVorotherr | 3: ecommendedexposurelimit; 1;  100; CAS;  107-87; seeSection; protection;  110-19; Components;  3; Atthistime; 3
; CAS74; 110-19-0; PEL | 2: 2400mg/m3
2: 1000ppm
0: ethylbenzene(CAS | 1: PEL | 2: 435mg/m3
0: 100-41-4)
2: 100ppm
0: isobutylacetate(CAS | 1: PEL | 2: 700mg/m3
0: 110-19-0)
2: 150ppm
0: methylisobutylketone | 1: PEL | 2: 410mg/m3
0: (CAS108-10-1)
2: 100ppm
0: methylpropylketone(CAS | 1: PEL | 2: 700mg/m3
0: 107-87-9)
2: 200ppm
0: propane(CAS74-98-6) | 1: PEL | 2: 1800mg/m3
2: 1000ppm
0: titaniumdioxide(CAS | 1: PEL | 2: 15mg/m3 | 3: Totaldust;  8;  100-41; lyconstituentsoftheproduct; whichhaveaPEL; acetone; Value; methylpropylketone; 1910; m3; 6; 67-64;  2400; CAS108;  410; US; OSHATableZ; 4","0: inco | 1: mpatiblematerials(seeSection | 2: 10oftheSDS).
0: 8.Exposurecontrols/personal | 1: prot..."
FDS 30 - Rust Proof Enamel Machinery Light Gray Spray Paint_S08_001,FDS 30 - Rust Proof Enamel Machinery Light Gray Spray Paint,8,Tabla 1,table,349,107-87-9; 100-41-4; 110-19-0; 13463-67-7,,"1910 ; 0;  1800; 29; Form; 2; 100-41-4; 13463-67-7;  545;  1900; ACGIHThresholdLimitValue;  15;  10;  435; 
0;  75; 9;  590; icalHazards; 106-97; 
1; Respirablefraction; NIOSH; 107-87-9;  1;  150; Type;  13463-67;  530; PocketGuidetoChem; 74-98;  700; 3 ;  20;  1000;  5; 
2; methylisobutylketone; propane; titaniumdioxide;  125; Totaldust; 7; 108-10;  2;  500; CAS67; isobutylacetate; 8; ethylbenzene; 1;  100; s; CAS;  107-87;  110-19;  50; Components;  3; butane; TWA; Biologicallimitvalues; 3
; CAS74; 110-19-0;  100-41; n; acetone; CAS106; Value; 3;  800; methylpropylketone;  250; m3; 6; STEL;  300;  205; 67-64; CAS108; US; 1000; OSHATableZ; 4","0: US.OSHATableZ-3(29CFR1910 | 1: .1000)
0: Components | 1: Type | 2: Value | 3: Form
0: titaniumdio..."
FDS 30 - Rust Proof Enamel Machinery Light Gray Spray Paint_S03_001,FDS 30 - Rust Proof Enamel Machinery Light Gray Spray Paint,3,Tabla 1,table,133,100-41-4,,"phenylglyoxylic; Specimen;  100 ;  0;  100-41; SamplingTime; 108-10; ureIndices;  2; Sumof; Acetone; edocument; acetone; Value; 100-41-4; Methylisobutyl; 3; CAS67;  0.15; Determinant; g; l;  1; ketone; mandelicacid; p; leaseseethesourc; ethylbenzene; 1; 
0; Urine;  4; Creatininein; 67-64; CAS108; and; acid; ACGIHBiologicalExpos; CAS; 
2; methylisobutylketone; Components;  25; urine;  3; 4; Forsamplingdetails; Biologicallimitvalues","3: 100 | 4: 0ppm
0: Biologicallimitvalues
0: ACGIHBiologicalExpos | 1: ureIndices
0: Components | 1:..."
FDS 30 - Rust Proof Enamel Machinery Light Gray Spray Paint_S09_001,FDS 30 - Rust Proof Enamel Machinery Light Gray Spray Paint,9,Tabla 1,table,396,,,"0; Appropriateengineering; Useaself; Alwaysobservegood; Skinprotection; usea; determineactualemployeeexposurelevels; Form; contaminants; Color; 
1; Ifapplicable; approvedcartridgerespiratorwithanorganicvaporcartridge; Respiratoryprotection; Wearprotectiveglovessuchas; orgoggles; NIOSH; breathingapparatusinconfinedspacesandforemergencies; Whenusingdonotsmoke; Odorthreshold; Thermalhazards; Ventilationrates; Odor; Individualprotectionmeasure; Nitrile; orsmoking; Notavailable; Physicalandchemica; Generalhygiene; Goodgeneralventilation; lproperties; controls; maintainairbornelevelstoanacceptablelevel; Eye; Wearappropriatethermalprotectiveclothing;  1; considerations; Physicalstate; Routinelywashworkclothingandprotectiveequipmenttoremove; drinking; Lightgray; Provide; orotherengineeringcontrolstomaintainairbornelevelsbelowrecommendedexposurelimits; 
0; If; Handprotection;  9; s; 10; Aerosol; Ifengineeringcontrolsarenotfeasibleorifexposureexceedstheapplicableexposurelimits; Wearsafetyglasseswithsideshields; suchaspersonalprotectiveequipment; localexhaustventilation; and; eyewashstation; exposurelimitshavenotbeenestablished; Wearsuitableprotectiveclothing; Airmonitoringisneededto; whennecessary; typically10airchangesperhour; shouldbeused; Appearance; shouldbematchedtoconditions; faceprotection; suchaswashingafterhandlingthematerialandbeforeeating; Liquid; useprocessenclosures; Observeanymedicalsurveillancerequirements; Other; Butylrubber; personalhygienemeasures; contained; Aromatic",0: Appropriateengineering | 1: Goodgeneralventilation(typically10airchangesperhour)shouldbeused.Vent...
FDS 30 - Rust Proof Enamel Machinery Light Gray Spray Paint_S09_001,FDS 30 - Rust Proof Enamel Machinery Light Gray Spray Paint,9,Tabla 1,table,92,,,"C; gas; 0; freezingpoint; Form; Color; solid; Odorthreshold; Evaporationrate; Odor; Notavailable; Initialboilingpointandboiling;  132.9; -2.2°F(-19°C);  1; Lightgray; Flammability; 19; range; 
0; Aerosol; Meltingpoint; 2.2; pH; F; estimated; Flashpoint; 132.9°F(56.1°C); 56.1; Aromatic","0: Form | 1: Aerosol.
0: Color | 1: Lightgray.
0: Odor | 1: Aromatic.
0: Odorthreshold | 1: Notavail..."
FDS 30 - Rust Proof Enamel Machinery Light Gray Spray Paint_S03_001,FDS 30 - Rust Proof Enamel Machinery Light Gray Spray Paint,3,Tabla 1,table,107,,,"0; Nitrates; Toxicologicalinform; Fluorine; Contactwithincompatiblematerials; Hazardousdecomposition; exposure; flamesandsparks; ation; Chlorine; Maycausedamagetoorgansthroughprolongedorrepeatedexposurebyinhalation; Heat;  1; Maycause;  11; Incompatiblematerials; 
0; Conditionstoavoid; Inhalation; Acids; products; Strongoxidizingagents; Informationonlikelyroutesof; Nohazardousdecompositionproductsareknown","0: Conditionstoavoid | 1: Heat,flamesandsparks.Contactwithincompatiblematerials.
0: Incompatiblemate..."
FDS 30 - Rust Proof Enamel Machinery Light Gray Spray Paint_S11_001,FDS 30 - Rust Proof Enamel Machinery Light Gray Spray Paint,11,Tabla 1,table,210,107-87-9,,"TestResults; 0; Acutetoxicity; CAS100;  3.73; 100-4 ; Dermal; 50 ; 108-10;  2; Acute;  20000;  1-4; acetone;  4.45; 3; methylpropylketone; Notknown; CAS67; 107-87-9;  16000; 2807-30; l;  1;  5800; LC50;  0.87;  8.2; kg; ethylbenzene; r; S108; 1; 
0; Inhalation; CAS2807; Oral; ethyleneglycolpropylethe;  17.2; 67-64; CA; LD50; Species; 9; CAS;  107-87; Rabbit; Rat;  2080; methylisobutylketone; Components;  17800;  3500; 4","0: Acutetoxicity | 1: Notknown.
0: Components | 1: Species | 2: TestResults
0: acetone(CAS67-64-1)
0..."
FDS 30 - Rust Proof Enamel Machinery Light Gray Spray Paint_S03_001,FDS 30 - Rust Proof Enamel Machinery Light Gray Spray Paint,3,Tabla 1,table,64,63-67-7,,"TestResults; 0; CAS74; 7; Dermal; 50 ;  2; Acute;  63-67;  1; 5000; 6; kg; 74-98; 
0; Oral; CAS134; 63-67-7; 134 ; LD50; Species; Rabbit; Rat; propane; Components; titaniumdioxide; 10000","0: Components | 1: Species | 2: TestResults
0: propane(CAS74-98-6)
0: Acute
0: Dermal
0: LD50 | 1: R..."
FDS 30 - Rust Proof Enamel Machinery Light Gray Spray Paint_S03_001,FDS 30 - Rust Proof Enamel Machinery Light Gray Spray Paint,3,Tabla 1,table,159,,,"llEvaluationofCarcinogenicity; 0; are; Suspectedofcausingcancer; Skincorrosion; ybebasedonadditionalcomponentdatanotshown; Respiratorysensitization; 
1; Thisproductisnotexpectedtocauseskinsensitization; irritation; 50 ; Skinsensitization; 0.1%; eye; Seriouseyedamage; Estimatesforproductma;  1; IARCMonographs; kg; Germcellmutagenicity; Overa; 
0; mutagenicorgenotoxic; Oral; LD50; Causesseriouseyeirritation; Prolongedskincontactmaycausetemporaryirritation; Notarespiratorysensitizer; Rat; Nodataavailabletoindicateproductoranycomponentspresentatgreaterthan0; Carcinogenicity; 10000","0: Oral
0: LD50 | 1: Rat>10000mg/kg
0: *Estimatesforproductma | 1: ybebasedonadditionalcomponentdata..."
FDS 30 - Rust Proof Enamel Machinery Light Gray Spray Paint_S03_001,FDS 30 - Rust Proof Enamel Machinery Light Gray Spray Paint,3,Tabla 1,table,138,,,"CAS13463; 0; Suspectedofcausingcancer; CAS100; NationalToxicologyProgram; 7; 29; 108-10; Notlisted; 2; Reproductivetoxicity; 100-41; NTP; OSHASpecificallyRegulatedSubstances; OverallEvaluationofCarcinogenicity; IARCMonographs; ethylbenzene; 1; 
0; mutagenicorgenotoxic; CAS108; 1910.1001-1050; 13463-67; US; Thisproductisnotexpectedtocausereproductiveordevelopmentaleffects; Notregulated; methylisobutylketone; ReportonCarcinogens; 4; titaniumdioxide; Carcinogenicity","0: mutagenicorgenotoxic.
0: Suspectedofcausingcancer.Carcinogenicity
0: IARCMonographs.OverallEvalua..."
FDS 30 - Rust Proof Enamel Machinery Light Gray Spray Paint_S03_001,FDS 30 - Rust Proof Enamel Machinery Light Gray Spray Paint,3,Tabla 1,table,98,13463-67-7,,"TestResults; 0; 7; 50 ; CAS107; Daphniamagna; Fish;  2; Acute;  1190-1290; 13463-67-7; methylpropylketone; 48; 96; Crustacea; l;  1; LC50; EC50;  13463-67; 
0; Fatheadminnow;  1000; Species; 9; CAS; Waterflea; Aquatic; Components; 1000; Pimephalespromelas;  3; titaniumdioxide; 107-87","0: Components | 2: Species | 3: TestResults
0: methylpropylketone( | 1: CAS107-87-9)
0: Aquatic
0: F..."
FDS 30 - Rust Proof Enamel Machinery Light Gray Spray Paint_S03_001,FDS 30 - Rust Proof Enamel Machinery Light Gray Spray Paint,3,Tabla 1,table,114,,," 2.36
; 0;  0.91
; 0.24
;  352
; n; Bioaccumulativepotential; BC; acetone; Nodataavailable;  1.78
; methylpropylketone; Mobilityinsoil; octan; Nodataisavailableonthedegradabilityofthisproduct;  1; isobutylacetate; ethylbenzene; 
0; ol; logKow;  3.15
; Partitioncoefficientn; F;  1.31
; methylisobutylketone;  2.89
; propane; Bioconcentrationfactor; water; Persistenceanddegradability; butane; titaniumdioxide","0: Persistenceanddegradability | 1: Nodataisavailableonthedegradabilityofthisproduct.
0: Bioaccumula..."
FDS 30 - Rust Proof Enamel Machinery Light Gray Spray Paint_S08_001,FDS 30 - Rust Proof Enamel Machinery Light Gray Spray Paint,8,Tabla 1,table,234,,," 2
; 0; Subsidiaryrisk; aircraft; Cargoaircraftonly; 1950
; Environmentalhazards; ERGCode; USfederalregulations; 29; EmS; 
1; asdefinedbytheOSHAHazardCommunication; SDSandemergencyproceduresbeforehandling; Otherinformation; Passengerandcargo; Allowedwithrestrictions; D; es; Standard; 12; Subpt; Transporthazardclass; 707; TSCASection12; UN1950; HazardousChemical;  1; S; Readsafetyinstructions; LimitedQuantity; Class; Thisproductisa;  10;  15; 
0; No; 40; UNpropershippingname; Notapplicable; otification; Regulatoryinformation; IMDG; Marinepollutant; F; Packinggroup; UNnumber; U;  2.1
; ExportN; 1910.1200; AEROSOLS; b; Specialprecautionsforuser","0: Transporthazardclass(es)
0: Class | 1: 2.1
0: Subsidiaryrisk | 1: -
0: Packinggroup | 1: Notappli..."
FDS 30 - Rust Proof Enamel Machinery Light Gray Spray Paint_S03_001,FDS 30 - Rust Proof Enamel Machinery Light Gray Spray Paint,3,Tabla 1,table,159,,,"0; CAS100; Spillsorreleasesresultinginthelossofanyingredi; 108-10; acetone; 100-41; CAS67; y; 2807-30; ethyleneglycolpropylether;  1; isobutylacetate; Listed; CERCLAHazardousSubstances; ethylbenzene; CERCLAHazardousSubstanceList; 1; 
0; CAS2807; 40; CAS110; 67-64; CAS108; 9; methylisobutylketone; entatoraboveitsRQrequireimmediatenotificationtotheNational; Reportablequantit; 302.4;  5000; 4; 110-19","0: ethylbenzene(CAS100-41-4)
0: ethyleneglycolpropylether(CAS2807-30-9)
0: methylisobutylketone(CAS1..."
FDS 30 - Rust Proof Enamel Machinery Light Gray Spray Paint_S03_001,FDS 30 - Rust Proof Enamel Machinery Light Gray Spray Paint,3,Tabla 1,table,151,,,"FoodandDrug; 0; CAS107; 108-10; 110-19; DEA;  6715
; acetone;  35%; methylpropylketone; WV; CAS67; DrugEnforcementAdministration; SafetyintheFlavorManufacturingWorkplace;  1; ExemptChemicalMixtures; isobutylacetate; Lowpriority; 2 ; List1; 1; 21; 1310.12; 
0; c; CAS110; 67-64; CAS108; DEAExemptChemicalMixturesCodeNumber; 9; Notregulated; methylisobutylketone; FEMAPrioritySubstancesRespiratoryHealthand;  6532
; 107-87","0: DrugEnforcementAdministration(DEA).List1&2 | 1: ExemptChemicalMixtures(21CFR1310.12(c))
0: aceton..."
FDS 30 - Rust Proof Enamel Machinery Light Gray Spray Paint_S03_001,FDS 30 - Rust Proof Enamel Machinery Light Gray Spray Paint,3,Tabla 1,table,122,,,"FoodandDrug; 0; YesSection311; YesHazardcategories; NoSARA302Extremely; CAS107; 108-10; hazardoussubstance; 302; Yes; FireHazard; acetone; ReactivityHazard; methylpropylketone; CAS67; SuperfundAmendmentsandReauthorizationActof198; 198 ;  1; Lowpriority; isobutylacetate; Administration; 312
; 1; FDA; PressureHazard; 
0; SARA; No; CAS110; 67-64; CAS108; 311; 9;  6; Notregulated; methylisobutylketone; DelayedHazard; ImmediateHazard; 110-19; 107-87","0: acetone(CAS67-64-1) | 1: Lowpriority
0: isobutylacetate(CAS110-19-0) | 1: Lowpriority
0: methylis..."
FDS 30 - Rust Proof Enamel Machinery Light Gray Spray Paint_S03_001,FDS 30 - Rust Proof Enamel Machinery Light Gray Spray Paint,3,Tabla 1,table,174,,,"CAS13463; 0; CAS74; CAS100; 7; reproductiveharm; CRT; 106-97; September2; n; CAS107; 108-10; 2004
; CaliforniaProposition65; 11; 2011
; CAS106; 2; 65; 100-41; methylpropylketone; November4; 65
;  1; June11; 8; 6; ntotheStateofCaliforniatocausecancerandbirthdefectsorother; Listed; Developmentaltoxin; 28; ethylbenzene; 1; Listeddat; 
0; 74-98; Carcinogenicsubstance; CAS108; 13463-67; March28; 9; US; methylisobutylketone; propane; WARNING; Thisproductcontainsachemicalknow; butane; e; 4; titaniumdioxide; 2014; 107-87","0: methylisobutylketone(CAS108-10-1)
0: methylpropylketone(CAS107-87-9)
0: n-butane(CAS106-97-8)
0: ..."
FDS 30 - Rust Proof Enamel Machinery Light Gray Spray Paint_S09_001,FDS 30 - Rust Proof Enamel Machinery Light Gray Spray Paint,9,Tabla 1,table,252,,,"PuertoRico; 0; Europe; China; EINECS; EuropeanListofNotifiedChemicalSubstances; Japan; NewZealandInventory; Oninventory; Non; ToxicSubstancesControlAct; 
1; PICCS; ExistingChemicalsList; NDSL; indicatesthatallcompon;  2; Yes; ECL; Substances; PhilippineInventoryofChemicalsandChemicalSubstances; yes; Country; UnitedStates; ELINCS; Inventory; orregion; AICS; entsofthisproductcomplywiththeinventoryrequirementsadministeredbyt; DomesticSubstancesList; Inventoryname;  1; hegoverningcountry; InventoryofExistingandNewChemicalSubstances; DSL; Canada; Korea; 
0; No; s; InternationalInventories; reactivity; NewZealand; MIR; Philippines; IECSC; TSCA; ENCS; AustralianInventoryofChemicalSubstances; Australia; EuropeanInventoryofExistingCommercialChemical; A; no; InventoryofExistingChemicalSubstancesinChina","0: reactivity(MIR)
0: InternationalInventories
0: Country(s)orregion | 1: Inventoryname | 2: Oninven..."
FDS 30 - Rust Proof Enamel Machinery Light Gray Spray Paint_S14_001,FDS 30 - Rust Proof Enamel Machinery Light Gray Spray Paint,14,Tabla 1,table,147,,,"sknowledgeorobtainedfromsourcesbelievedbyCRCtobe; 0;  21
; Beforeusinganyproduct; 
1; readallwarningsanddirectionsonthelabel; Theinformationcontainedinthisdocumentappliestothisspecificmaterialassupplied; Inc; professional; orCRCIndustries; accuratetothebestofCRC; Thisdocumenthasundergonesignificantchangesandshouldbereviewedinitsentirety; Itmaynot; clarificationofanyinformationcontainedonthis; safety; Thisinformationis; accurate; Disclaimer;  1; RevisionInformation; 1; 
0; Forfurther; M; SDSconsultyoursupervisor; bevalidforthismaterialifitisusedincombinationwithanyothermaterials; ahealth","1: 21
0: Disclaimer | 1: Theinformationcontainedinthisdocumentappliestothisspecificmaterialassupplie..."
FDS 1 - Corlar 2.8 HG Epóxico Alto Brillo - Base Media_S01_001,FDS 1 - Corlar 2.8 HG Epóxico Alto Brillo - Base Media,1,Identificación del producto y la empresa,text,111,,,"Componente; Systems; o; Datos; los; productos; Fecha;  855-6; del; ni;  50 ; Nombre; Bank; usado;  300 ; recubrimiento;  2; mezcla; es; producto; identificados; uso; Axalta; y;  19342 ; Suite; Usos; Mills; consumidores; USA;  16.0; Blvd; No; contraindicados; proveedor; PA; Glen; LLC; Applied; por; US; restricciones; recomendado; a; venta; de; Uso; Coating; sustancia; peligrosa; 26; peligrosa o mezcla, y restricciones de uso Usos identificados Usos contraindicados Nombre del producto : 2MB26P Componente de recubrimiento; fabricante; la",": : : Datos del proveedor o fabricante : Axalta Coating Systems, LLC 50 Applied Bank Blvd. Suite 300..."
FDS 1 - Corlar 2.8 HG Epóxico Alto Brillo - Base Media_S02_001,FDS 1 - Corlar 2.8 HG Epóxico Alto Brillo - Base Media,2,Identificación de peligros,text,505,,H350; H317; H315; H319; H226; P302; P308; P280; P351; P242; P352; P261; P241; P338; P264; P313; P362; P333; P243; P201; P305; P363; P210; P364,"280 ; Este; los; 302 ; 242 ; H315; volverla; HG; Lavar; produzcan; 264 ; Estado; Mantener; lavado; una; al; Respuesta; alejado; advertencia; superficies; lentes; Peligro; CFR; minutos; piel; 210 ; demostrada; P362; lavarla; equipo; No; P201; sarpullido; 364 ; peligrosa o mezcla : Palabra de advertencia : Peligro Indicaciones de peligro : H226 - Líquido y vapores inflamables H315 - Provoca irritación cutánea H317 - Puede provocar una reacción cutánea alérgica H319 - Provoca irritación ocular grave H350 - Puede provocar cáncer Pictogramas de peligro : Consejos de prudencia Elementos de las etiquetas del SGA Estado OSHA/ HCS : Este material es considerado como peligroso por la Norma de Comunicación de Riesgos de la OSHA (29 CFR 1910; 261 ; peligros; facilidad; presentes; 315 ; grave; equipos; durante; 319 ; descubierto; 338 ; CARCINOGENICIDAD; fumar; Pictogramas; con; Corlar; P302; pueda; Usar; agua; 352 ; Riesgos; herramientas; En; 305 ; H317; calor; medidas; para; P242; H226;  1; otras; cara; utilizar;  1910.1200; H350; P333; ocular; OSHA; considerado; Indicaciones; ojos; supuesta; 333 ; instrucciones; Procurarse; INFLAMABLES; contra; 201 ; SGA; caso; P305; P210; Quitar; 362 ; peligrosa; usar; prudencia; el; material; Fecha; del; peligroso; Media; P308;  2; 363 ; contaminada;  1 ; Lavarse; como; P351; Enjuagar; 226 ; H319; P352; 29 ; chispas; Puede; P338; fuentes; P264; P313; inflamables; un; P243; hacerse; por; ropa; que; provocar;  3 ; Alto; peligros Prevención : P201 - Procurarse las instrucciones antes del uso P280 - Usar guantes de protección, ropa de protección e equipo de protección para la cara o los ojos P210 - Mantener alejado del calor, chispas, llamas al descubierto, superficies calientes y otras fuentes de ignición No fumar P241 - Utilizar equipos eléctricos, de ventilación y de iluminación antideflagrantes P242 - No utilizar herramientas que produzcan chispas P243 - Tomar medidas de precaución contra las descargas electrostáticas P261 - Evitar respirar vapor P264 - Lavarse cuidadosamente las manos después de la manipulación Intervención/Respuesta : P308 + P313 - En caso de exposición demostrada o supuesta: Consultar a un médico P362 + P364 - Quitar la ropa contaminada y lavarla antes de volverla a usar P363 - Lavar la ropa contaminada antes de volverla a usar P302 + P352 - En caso de contacto con la piel: Lavar con abundante agua P333 + P313 - En caso de irritación cutánea o sarpullido: Consultar a un médico P305 + P351 + P338 - En caso de contacto con los ojos: Enjuagar con agua cuidadosamente durante varios minutos Quitar los lentes de contacto, cuando estén presentes y pueda hacerse con facilidad Proseguir con el lavado; sustancia; cuidadosamente; antideflagrantes; manos; 241 ; etiquetas; vapor;  2.8 ; la; Proseguir; o; 350 ; 351 ; Tomar; Norma; respirar; las; antes; Consejos; mezcla; es; Utilizar; P280; abundante; 308 ; Consultar; calientes; peligro; HCS; 313 ; uso; 17 ; ventilación; y; guantes; Provoca; llamas; P261; P241; Elementos; OCULAR; Evitar; cuando; Base; 317 ; 243 ; Palabra; vapores; varios; US; P363; a; Brillo; de; 26; P364; e; descargas; contacto",LÍQUIDOS INFLAMABLES - Categoría 3 IRRITACIÓN CUTÁNEA - CategoríaIRRITACIÓN OCULAR - Categoría 2A SE...
FDS 1 - Corlar 2.8 HG Epóxico Alto Brillo - Base Media_S02_002,FDS 1 - Corlar 2.8 HG Epóxico Alto Brillo - Base Media,2,Identificación de peligros,text,144,,P305; P337; P338; P313; P235; P351; P501; P403,Peligros no clasificados en otra parte : No se conoce ninguno; los; Eliminar; en; 501 ; Almacenar; lavado; Mantener; lentes; locales; minutos; 337 ; No; Si; todas; facilidad; otra; presentes; P235; almacenamiento; conoce; durante; 338 ; con; clasificados; pueda; agua; En; 305 ; ventilado; Peligros; ocular; ojos; P403; P305; caso; internacionales; Quitar; contenido; ninguno; no; el; lugar; P351; Enjuagar; P338; P313; un; P501; hacerse; P337; recipiente; se; cuidadosamente; 403 ; conforme; la; Proseguir; regionales; 351 ; reglamentaciones; las; parte; Consultar; 313 ; y; persiste; 235 ; nacionales; cuando; bien; varios; fresco; a; de; Almacenamiento; e; contacto,P305 + P351 + P338 - En caso de contacto con los ojos: Enjuagar con agua cuidadosamente durante vari...
FDS 1 - Corlar 2.8 HG Epóxico Alto Brillo - Base Media_S03_001,FDS 1 - Corlar 2.8 HG Epóxico Alto Brillo - Base Media,3,Composición/información sobre los ingredientes,text,512,64742-95-6; 109-99-9; 111-76-2; 67-64-1; 100-41-4; 1330-20-7; 14808-60-7; 123-42-2; 95-63-6; 25068-38-6,,"aire; ≤3 ; inmediatamente; inferior; los; Xilenos; beber; figuran; Nombre; en; menos; ≤50 ; HG; deban; 25068-38-6; nada; ha; Butoxietanol; 2; 100-41-4; salud; una; al; Procurar; lotes; lentes;  111-76; ≤0.3 ; laboral; entre; ≤25 ; ≤8.5 ; componentes; baja; ligera; existir; porque; No; consciente; Si; proveedor; sea; camisa; inconsciente; buena; 6 ; 67-64-1; Los; hay; corbata; Verificar; Quartz; 95-63-6; titanio; adicional; 1330-20-7; descompuesta; con; Corlar; ser; boca; agua; 123-42-2; En; posible; epiclorhidrina; presente; Tetrahydrofuran; alcohol; ocasionalmente; para; persona; inducir; ≥10 ; debe; concentraciones; expresamente; lo;  64742-95; pulmones; ojos; Trimetilbenceno; indique; personal; levantando; ≤1.4 ; caso; Diacetona; apretado; presenta; dentales; no; ≤6.9 ; el;  134667-7 ; 9 ; Asegure; todo; estar;  67-64;  1330-20; Sustancia; material; cabeza; reportados; Fecha; del; peligroso; Media; suministrar; 4 ;  2; tanto; bajo; debido; vomitar; como; Aflojar; producto; expuesta; Enjuagar; ingrediente; Lave; ingerido; cuello; pudiera; confidencialidad; Acetona; superior; 2 ; oral; A; un; coloque; 1; lleva; conocimiento; proteger; peligroso No inducir al vómito a menos que lo indique expresamente el personal médico En caso de vómito, se debe mantener la cabeza baja de manera que el vómito no entre en los pulmones Procurar atención médica No suministrar nada por vía oral a una persona inconsciente Si está inconsciente, coloque en posición de recuperación y obtenga atención médica inmediatamente Asegure una buena circulación de aire Aflojar todo lo que pudiera estar apretado, como el cuello de una camisa, una corbata, un cinturón Enjuagar los ojos inmediatamente con mucha agua, levantando ocasionalmente los párpados superior e inferior Verificar si la víctima lleva lentes de contacto y en este caso, retirárselas; nafta; que; por; CAS; clasificado; Alto; siente; mucha; Retirar; se; 1 ; aplicables;  95-63; cantidades;  123-42;  2.8 ; la; manera; 64742-95-6; 7 ; o; riesgo;  100-41;  25068-38; rango; sobre; las; mezcla; es; 109-99-9; ambiente; 111-76-2; Etilbenceno; mantener; 17 ; y; 14808-60-7; si;  109-99; alguna; obtenga; disolvente; bisfenol; este; Mezcla; ≥25 ; medio; proporcione; Base; esta; actual;  14808-60; US; a; Brillo; de; 26; e; 4; contacto",/ información sobre los componentes Nombre de ingrediente Concentración Número CAS Sustancia/mezcla ...
FDS 1 - Corlar 2.8 HG Epóxico Alto Brillo - Base Media_S03_002,FDS 1 - Corlar 2.8 HG Epóxico Alto Brillo - Base Media,3,Composición/información sobre los ingredientes,text,311,,,"aire; inmediatamente; inferior; los; artificial; en; menos; Lavar; una; Procurar; al; proporcionar; lentes; minutos; calzado; Si; camisa; inconsciente; buena; ayuda; hay; Verificar; corbata; capacitado; volver; usarlo; con; ser; boca; agua; En; mantenerla; use; peligroso para la persona que proporcione ayuda dar respiración boca a boca Procurar atención médica Si está inconsciente, coloque en posición de recuperación y obtenga atención médica inmediatamente Asegure una buena circulación de aire Aflojar todo lo que pudiera estar apretado, como el cuello de una camisa, una corbata, un cinturón; ocasionalmente; para; persona; otras; debe; lo; exposiciones; completamente; ojos; Transportar; enjuagando; personal; levantando; caso; apretado; no; el; todo; estar; Asegure; Limpiar; facilite; peligroso; contaminada; ocurre; como; Aflojar; libre; Enjuagar; Lave; cuello; pudiera; quejas; superior; Puede; contaminados; evite; un; coloque; lleva; u; paro;  10 ; por; ropa; que; mucha; respiratorio; la; dar; o; antes; es; abundante; usarla; y; si; guantes; obtenga; le; este; bien; proporcione; irregular; existan; a; de; reposo; e; contacto","Enjuagar los ojos inmediatamente con mucha agua, levantando ocasionalmente los párpados superior e i..."
FDS 1 - Corlar 2.8 HG Epóxico Alto Brillo - Base Media_S04_001,FDS 1 - Corlar 2.8 HG Epóxico Alto Brillo - Base Media,4,Primeros auxilios,text,448,,,aparato; significativos; inmediatamente; los; cantidad; auxilios; primeros; en; HG; ha; inmediata; salud; una; tratamientos; envenenamientos; contemple; Por; piel; conocen; dato; No; pueden; Si; Tratamientos; riesgos; sospecha; presentes; su; ayuda; Los; grave; hay; especialista; con; Corlar; ser; implique; peligroso para la persona que proporcione ayuda dar respiración boca a boca; siguientes; boca; agua; use; efectos; para; persona; adecuada; especial; ocular; importantes; gran; ojos; Signos; Primeros; personal; caso; Contactar; Vea; usar; Notas; no; el; inhalado; necesidad; ninguna; lagrimeo; Efectos; Fecha; peligroso; del; adversos; Media;  2; contaminada; enrojecimiento; Lave; potenciales; tratamiento; ingerido; Puede; adecuado; un; dolor; que; agudos; ropa; provocar; Alto; se; incluir;  3;  2.8 ; la; dar; o; riesgo; entrenamiento; Contacto; recibir; antes; 17 ; y; si; guantes; Provoca; medida; encargada; bien; proporcione; Base; vapores; US; Tratar; a; Brillo; de; 26; rescate,Contacto con los ojos Contacto con la piel Por inhalación Ingestión : : : : Descripción de los prime...
FDS 1 - Corlar 2.8 HG Epóxico Alto Brillo - Base Media_S05_001,FDS 1 - Corlar 2.8 HG Epóxico Alto Brillo - Base Media,5,Medidas de lucha contra incendios,text,359,,,los; llevar; seco; en; completa; una; al; ocurra; deben; zona; contemple; alcantarillado; equipo; No; Desplazar; pueden; todas; filtran; Los; personas; positiva; envases; puede; productos; causar; esto; con; calentamiento; implique; siguientes; agua; En; espuma; fuego; Medios; combate; para; Peligros; materiales; presión; especial; peligrosos; personal; facial; contra; caso; grupos; peligrosa; usar; seguir; no; el; contenedores; sin; ninguna; Equipo; lugar; del; apropiado; residuos; Use; compuestos; peligrosos Peligros específicos de la sustancia química peligrosa o mezcla Los productos de descomposición pueden incluir los siguientes materiales: dióxido de carbono monóxido de carbono óxidos de azufre compuestos halógenos; adecuado; pulverizada; neblina; inflamables; un; opere; hacerse; s; que; lejos; recipiente; se; sustancia; incluir; bomberos; refrigerar; la; modo; o; carbono; Medidas; aumento; riesgo; entrenamiento; chorro; evacuando; incidente; Productos; las; incendio; mezcla; Utilizar; azufre; y; si; proximidades; polvo; medida; apropiados; especiales; vapores; a; de; expuestos,"s En caso de incendio, aísle rápidamente la zona evacuando a todas las personas de las proximidades ..."
FDS 1 - Corlar 2.8 HG Epóxico Alto Brillo - Base Media_S06_001,FDS 1 - Corlar 2.8 HG Epóxico Alto Brillo - Base Media,6,Medidas en caso de liberación accidental,text,508,,,aparato; sistema; aire; Retire; los; Proporcione; proceda; absorbente; en; mismo; alrededores; HG; diatomeas; contaminado; ha; pertinentes; una; relativas; al; sentido; Precauciones; canales; deben; contemple; entre; envase; locales; equipo; Evite; prueba; No; sea; alcantarillas; personales; todas; ver; autoridades; Detener; contratista; adecuados; su; equipos; accidental; emergencia; envases; tomarse; puede; fumar; esto; con; Corlar; implique; causado; agua; herramientas; tierra; procedimiento; presentar; desechos; para; acuerdo; camine; adecuada; materiales; Apagar; Informe; viento; tal; personal; encendido; absorbentes; caso; derrames; indica; Llevar; presenta; no; el; normativas; Trate; material; sin; ninguna; puestos; Fecha; del; Media; permitir;  2; deje; apropiado; como; producto; Use; tratamiento; vertido; medioambiental; chispas; adecuado; fuentes; inadecuado; suelo; neblina; derramado; un; Evacuar; derrame; arena; desecharlo; peligro Evite respirar vapor o neblina Proporcione ventilación adecuada Llevar un aparato de respiración apropiado cuando el sistema de ventilación sea inadecuado Llevar puestos equipos de protección personal adecuados Para personal de no emergencia Fecha de emisión : 4/17 Corlar 2; que; recoger; por; Alto; Nota; autorizado; se; vapor; colocar; reducidas;  2.8 ; la; residuales; Medidas; o; entrada; riesgo; entrenamiento; fuga; innecesario; sobre; respirar; las; ambiente; planta; peligro; uso; 17 ; ventilación; y; si; llamas; toque; medida;  13; aguas; cuando;  4; medio; combustibles; bengalas; Base; Para; US; Aproximarse; a; Brillo; de; 26; El; vermiculita; Disponga; contacto,"o fuga accidental Precauciones personales, equipo de protección y procedimiento de emergencia : No s..."
FDS 1 - Corlar 2.8 HG Epóxico Alto Brillo - Base Media_S06_002,FDS 1 - Corlar 2.8 HG Epóxico Alto Brillo - Base Media,6,Medidas en caso de liberación accidental,text,280,,,aire; Retire; los; seco; en; Diluir; ha; pertinentes; al; absorber; canales; prueba; Evite; equipo; Si; alcantarillas; limpieza; autoridades; necesario; Detener; contratista; adecuados; su; Gran; insoluble; soluble; emergencia; envases; esto; con; causado; agua; herramientas; tierra; frente; desechos; para; contenedor; materiales; Derrame; especial; Informe; personal; fregar; derrames; usar; presenta; no; el; material; del; bajo; hacer; producto; residuos; Use; medioambiental; chispas; adecuado; suelo; derramado; derrame; un; por; ropa; Nota; autorizado; se; colocar; respuesta; la; o; Alternativamente; riesgo; fuga; inerte; sobre; las; es; Consultar; y; emergencias; si; cuenta; fuera; medio; fugas; Para; a; de; Disponga; contacto,Nota: Véase la para información de contacto de emergencia y la para eliminación de desechos : Evite ...
FDS 1 - Corlar 2.8 HG Epóxico Alto Brillo - Base Media_S07_001,FDS 1 - Corlar 2.8 HG Epóxico Alto Brillo - Base Media,7,Manejo y almacenamiento,text,500,,,aparato; sistema; prohibido; los; beber; vea; en; menos; HG; produzcan; Almacenar; introducir; vuelva; Mantener; uno; al; alejado; Precauciones; trabajar; cerrados; trata; deben; Conservar; entre; envase; locales; piel; equipo; Evite; prueba; separada; No; manipula; pueden; sea; todas; normas; otra; haber; almacenamiento; Los; personas; manipular; descubierto; homologada; adicional; envases; fumar; con; ser; herramientas; comer; proceso; trabajan; lavarse; cualquier; comprendido; Manejo; calor; hecho; medidas; lugares; seguridad; para; acuerdo; comedor; adecuada; adecuadamente; materiales; cara; utilizar; garantizar; peligrosos; ojos; ventilados; instrucciones; personal;  5; explosiones; compatible; Quitar; cerrado; usar; Llevar; no; el; entrar; Las; acerca; material; Fecha; del; Condiciones; Media;  2; Orientaciones; contaminada; ingerir; apropiado; producto; Use; chispas; adecuado; inadecuado; neblina; un; espacios; 1; general; almacena; cargas; retienen; donde; tomar; que; ropa; Alto; recipiente; autorizado; se; manos; vapor; peligrosos No vuelva a usar el envase : Precauciones que se deben tomar para garantizar un manejo seguro Fecha de emisión : 5/1Corlar 2;  2.8 ; la; Medidas; o; precauciones; incompatibilidad;  8; original; sobre; antecedentes; respirar; ocupacional; higiene; las; antes; incluida; utilice; uso; ventilación; y; conservar; llamas; manejo; este; alternativo; seguro; especiales; cuando; Evitar; Base; US; a; Brillo; de; 26; fuente,"Orientaciones sobre higiene ocupacional general Está prohibido comer, beber o fumar en los lugares d..."
FDS 1 - Corlar 2.8 HG Epóxico Alto Brillo - Base Media_S07_002,FDS 1 - Corlar 2.8 HG Epóxico Alto Brillo - Base Media,7,Manejo y almacenamiento,text,499,,,"sellado; separado; 2018; los; Eliminar; protegido; en; Ninguno; horas; HG; Almacenar; incompatibles; vuelva; Estado;  5 ; momento; Mantener; al; Precauciones; deben; Conservar; comida; envase; locales; vertical; Unidos; OSHA PEL 1989 (Estados Unidos, 3/1989) TWA: 10 mg/m³ 8 horas Estado: Polvo total OSHA PEL (Estados Unidos, 5/2018) TWA: 15 mg/m³ 8 horas Estado: Polvo total CAL OSHA PEL (Estados Unidos, 5/2018) TWA: 5 mg/m³, (as Ti) 8 horas Estado: respirable fraction TWA: 10 mg/m³, (as Ti) 8 horas Estado: total dust ACGIH TLV (Estados Unidos, 1/2022) TWA: 2;  10; separada; No; Ti; directa; todas; normas; ver; obtener; llave; almacenamiento; Los; evitar; OSHA PEL 1989 (Estados Unidos, 3/1989) TWA: 50 ppm 8 horas TWA: 240 mg/m³ 8 horas NIOSH REL (Estados Unidos, 10/2020) TWA: 50 ppm 10 horas TWA: 240 mg/m³ 10 horas OSHA PEL (Estados Unidos, 5/2018) TWA: 50 ppm 8 horas TWA: 240 mg/m³ 8 horas CAL OSHA PEL (Estados Unidos, 5/2018) TWA: 240 mg/m³ 8 horas TWA: 50 ppm 8 horas; homologada; 2020; titanio; envases; usarlo; con; as; NIOSH; epiclorhidrina; han; cualquier; bebida; alcohol; Manejo; cerrarse; seguridad; para; acuerdo;  1; previo; contenedor; materiales; oxidantes; ppm;  2.5 ; garantizar; OSHA;  240 ; Consulte;  5; derrames; Diacetona; cerrado; usar; ACGIH TLV (Estados Unidos, 1/2022) TWA: 50 ppm 8 horas TWA: 238 mg/m³ 8 horas OSHA PEL 1989 (Estados Unidos, 3/1989) TWA: 50 ppm 8 horas TWA: 240 mg/m³ 8 horas NIOSH REL (Estados Unidos, 10/2020) TWA: 50 ppm 10 horas TWA: 240 mg/m³ 10 horas OSHA PEL (Estados Unidos, 5/2018) TWA: 50 ppm 8 horas TWA: 240 mg/m³ 8 horas CAL OSHA PEL (Estados Unidos, 5/2018) TWA: 240 mg/m³ 8 horas TWA: 50 ppm 8 horas; no; el; contenedores; respirable;  1989 ; acerca; dust; total; sin; Fecha; del; Condiciones;  50 ; Media; PEL; sol;  2; bajo; ventilada;  15 ; abiertos; producto; fraction; Polvo; adecuado; fuentes; un; 1; luz; 2022;  10 ; CAL; tomar; que; Alto; mg; se; cuidadosamente; II; seca; nueve;  3; TWA;  2.8 ; 1989; la;  8 ; o; incompatibilidad; ACGIH TLV (Estados Unidos, 1/2022) TWA: 2; etiquetar; almacenar; original; las; incluida; compatibles; Estados; ambiente; escalas; TLV; uso; y; hasta; sido; manejo; mantenerse; bisfenol; seguro; bien; medio; Base; REL; ACGIH; almacenimiento; US; a; Brillo; Guardar; de; 26; A; fresca;  238 ",No vuelva a usar el envase : Precauciones que se deben tomar para garantizar un manejo seguro Fecha ...
FDS 1 - Corlar 2.8 HG Epóxico Alto Brillo - Base Media_S07_003,FDS 1 - Corlar 2.8 HG Epóxico Alto Brillo - Base Media,7,Manejo y almacenamiento,text,77,,," 8 ;  1989 ; 2018; Trimethyl;  50 ; Ninguno; horas; PEL; Estados; 2;  25 ;  125 ; OSHA PEL (Estados Unidos, 5/2018) TWA: 240 mg/m³ 8 horas TWA: 50 ppm 8 horas nafta disolvente (petróleo), fracción aromática ligera Ninguno 1,2,4-Trimetilbenceno OSHA PEL 1989 (Estados Unidos, 3/1989) [Trimethyl benzene] TWA: 25 ppm 8 horas TWA: 125 mg/m³ 8 horas;  1; disolvente; ppm; Unidos; ligera; OSHA;  240 ; CAL; Trimetilbenceno; nafta;  5; mg;  3; benzene; 4; TWA; 1989","TWA: 50 ppm 8 horas TWA: 240 mg/m³ 8 horas CAL OSHA PEL (Estados Unidos, 5/2018) TWA: 240 mg/m³ 8 ho..."
FDS 1 - Corlar 2.8 HG Epóxico Alto Brillo - Base Media_S08_001,FDS 1 - Corlar 2.8 HG Epóxico Alto Brillo - Base Media,8,Controles de exposición/protección personal,text,504,,,"C; 2018; Xilenos; Nombre; horas; HG; m; Butoxietanol;  5 ;  125 ; control; laboral; minutos; Unidos; piel;  10; trimethylbenzene; and; all; 2020;  150 ; Corlar; NIOSH; mixtures;  120 ;  2400 ;  1;  655 ;  97 ; ppm;  750 ; OSHA PEL (Estados Unidos, 5/2018) [trimethylbenzene, all isomers] TWA: 125 mg/m³ 8 horas TWA: 25 ppm 8 horas 2-Butoxietanol ACGIH TLV (Estados Unidos, 1/2022) TWA: 20 ppm 8 horas OSHA PEL 1989 (Estados Unidos, 3/1989) Absorbido a través de la piel TWA: 25 ppm 8 horas TWA: 120 mg/m³ 8 horas NIOSH REL (Estados Unidos, 10/2020) Absorbido a través de la piel TWA: 5 ppm 10 horas TWA: 24 mg/m³ 10 horas OSHA PEL (Estados Unidos, 5/2018) Absorbido a través de la piel TWA: 50 ppm 8 horas TWA: 240 mg/m³ 8 horas CAL OSHA PEL (Estados Unidos, 5/2018) Absorbido a través de la piel TWA: 97 mg/m³ 8 horas TWA: 20 ppm 8 horas Xilenos, mezcla isómeros OSHA PEL 1989 (Estados Unidos, 3/1989) [Xylenes (o-, m-, p-isomers)] TWA: 100 ppm 8 horas TWA: 435 mg/m³ 8 horas STEL: 150 ppm 15 minutos STEL: 655 mg/m³ 15 minutos OSHA PEL (Estados Unidos, 5/2018) [Xylenes (o-, m-, p-isomers)] TWA: 100 ppm 8 horas TWA: 435 mg/m³ 8 horas CAL OSHA PEL (Estados Unidos, 5/2018) [xylene] STEL: 655 mg/m³ 15 minutos STEL: 150 ppm 15 minutos C: 300 ppm TWA: 435 mg/m³ 8 horas TWA: 100 ppm 8 horas ACGIH TLV (Estados Unidos, 1/2022) [p-xylene and mixtures containing p-xylene] Ototoxicante TWA: 20 ppm 8 horas Acetona ACGIH TLV (Estados Unidos, 1/2022) TWA: 250 ppm 8 horas STEL: 500 ppm 15 minutos OSHA PEL 1989 (Estados Unidos, 3/1989) TWA: 750 ppm 8 horas TWA: 1800 mg/m³ 8 horas Fecha de emisión : 7/17 Corlar 2; OSHA;  240 ;  590 ; personal;  5;  435 ;  7;  1989 ; Fecha;  50 ; Media; PEL;  2;  15 ;  25 ; ingrediente; Acetona; isomers; 2022;  10 ; CAL;  250 ; Alto; mg;  3; TWA;  2.8 ; 1989; la;  8 ;  100 ; o;  300 ; xylene; Xylenes; mezcla;  20 ; Estados; TLV; 17 ;  500 ; Ototoxicante; Absorbido; p; STEL;  1000 ; Controles;  1800 ; REL; Base; ACGIH TLV (Estados Unidos, 1/2022) TWA: 10 ppm 8 horas CAL OSHA PEL (Estados Unidos, 5/2018) [trimethylbenzene, all isomers] TWA: 125 mg/m³ 8 horas TWA: 25 ppm 8 horas 2-Butoxietanol ACGIH TLV (Estados Unidos, 1/2022) TWA: 20 ppm 8 horas OSHA PEL 1989 (Estados Unidos, 3/1989) Absorbido a través de la piel TWA: 25 ppm 8 horas TWA: 120 mg/m³ 8 horas NIOSH REL (Estados Unidos, 10/2020) Absorbido a través de la piel TWA: 5 ppm 10 horas TWA: 24 mg/m³ 10 horas OSHA PEL (Estados Unidos, 5/2018) Absorbido a través de la piel TWA: 50 ppm 8 horas TWA: 240 mg/m³ 8 horas CAL OSHA PEL (Estados Unidos, 5/2018) Absorbido a través de la piel TWA: 97 mg/m³ 8 horas TWA: 20 ppm 8 horas Xilenos, mezcla isómeros OSHA PEL 1989 (Estados Unidos, 3/1989) [Xylenes (o-, m-, p-isomers)] TWA: 100 ppm 8 horas TWA: 435 mg/m³ 8 horas STEL: 150 ppm 15 minutos STEL: 655 mg/m³ 15 minutos OSHA PEL (Estados Unidos, 5/2018) [Xylenes (o-, m-, p-isomers)] TWA: 100 ppm 8 horas TWA: 435 mg/m³ 8 horas CAL OSHA PEL (Estados Unidos, 5/2018) [xylene] STEL: 655 mg/m³ 15 minutos STEL: 150 ppm 15 minutos C: 300 ppm TWA: 435 mg/m³ 8 horas TWA: 100 ppm 8 horas ACGIH TLV (Estados Unidos, 1/2022) [p-xylene and mixtures containing p-xylene] Ototoxicante TWA: 20 ppm 8 horas Acetona ACGIH TLV (Estados Unidos, 1/2022) TWA: 250 ppm 8 horas STEL: 500 ppm 15 minutos OSHA PEL 1989 (Estados Unidos, 3/1989) TWA: 750 ppm 8 horas TWA: 1800 mg/m³ 8 horas Fecha de emisión : 7/17 Corlar 2; ACGIH; containing;  6; US;  24 ; a; Brillo; de; 26",/ protección personal Nombre de ingrediente Límites de exposición Parámetros de control Límites de e...
FDS 1 - Corlar 2.8 HG Epóxico Alto Brillo - Base Media_S08_002,FDS 1 - Corlar 2.8 HG Epóxico Alto Brillo - Base Media,8,Controles de exposición/protección personal,text,505,,,"C; 2018; horas; HG; Estado;  5 ; Tetrahidrofurano;  125 ; 2016; crystalline; minutos; Unidos;  130 ; piel;  10; Z3; non; OSHA PEL (Estados Unidos, 5/2018) [Silica, crystalline] TWA: 50 µg/m³ 8 horas Estado: Polvo respirable OSHA PEL Z3 (Estados Unidos, 6/2016); 2020;  1780 ; Corlar; NIOSH;  2400 ;  200 ;  1; ppm;  750 ; ACGIH TLV (Estados Unidos, 1/2022) Ototoxicante TWA: 20 ppm 8 horas OSHA PEL 1989 (Estados Unidos, 3/1989) TWA: 100 ppm 8 horas TWA: 435 mg/m³ 8 horas STEL: 125 ppm 15 minutos STEL: 545 mg/m³ 15 minutos NIOSH REL (Estados Unidos, 10/2020) TWA: 100 ppm 10 horas TWA: 435 mg/m³ 10 horas STEL: 125 ppm 15 minutos STEL: 545 mg/m³ 15 minutos OSHA PEL (Estados Unidos, 5/2018) TWA: 100 ppm 8 horas TWA: 435 mg/m³ 8 horas CAL OSHA PEL (Estados Unidos, 5/2018) STEL: 130 mg/m³ 15 minutos STEL: 30 ppm 15 minutos TWA: 22 mg/m³ 8 horas TWA: 5 ppm 8 horas Tetrahidrofurano ACGIH TLV (Estados Unidos, 1/2022) Absorbido a través de la piel TWA: 50 ppm 8 horas STEL: 100 ppm 15 minutos OSHA PEL 1989 (Estados Unidos, 3/1989) TWA: 200 ppm 8 horas TWA: 590 mg/m³ 8 horas STEL: 250 ppm 15 minutos STEL: 735 mg/m³ 15 minutos NIOSH REL (Estados Unidos, 10/2020) TWA: 200 ppm 10 horas TWA: 590 mg/m³ 10 horas STEL: 250 ppm 15 minutos STEL: 735 mg/m³ 15 minutos OSHA PEL (Estados Unidos, 5/2018) TWA: 200 ppm 8 horas TWA: 590 mg/m³ 8 horas CAL OSHA PEL (Estados Unidos, 5/2018) STEL: 735 mg/m³ 15 minutos STEL: 250 ppm 15 minutos Fecha de emisión : 8/17 Corlar 2; OSHA;  590 ; 3 ; personal;  5;  435 ; respirable;  7;  1989 ; Fecha;  50 ; Media; Silica; PEL;  735 ;  2;  15 ; OSHA PEL (Estados Unidos, 5/2018) TWA: 1000 ppm 8 horas TWA: 2400 mg/m³ 8 horas CAL OSHA PEL (Estados Unidos, 5/2018) STEL: 1780 mg/m³ 15 minutos STEL: 750 ppm 15 minutos C: 3000 ppm TWA: 1200 mg/m³ 8 horas TWA: 500 ppm 8 horas Etilbenceno ACGIH TLV (Estados Unidos, 1/2022) Ototoxicante TWA: 20 ppm 8 horas OSHA PEL 1989 (Estados Unidos, 3/1989) TWA: 100 ppm 8 horas TWA: 435 mg/m³ 8 horas STEL: 125 ppm 15 minutos STEL: 545 mg/m³ 15 minutos NIOSH REL (Estados Unidos, 10/2020) TWA: 100 ppm 10 horas TWA: 435 mg/m³ 10 horas STEL: 125 ppm 15 minutos STEL: 545 mg/m³ 15 minutos OSHA PEL (Estados Unidos, 5/2018) TWA: 100 ppm 8 horas TWA: 435 mg/m³ 8 horas CAL OSHA PEL (Estados Unidos, 5/2018) STEL: 130 mg/m³ 15 minutos STEL: 30 ppm 15 minutos TWA: 22 mg/m³ 8 horas TWA: 5 ppm 8 horas Tetrahidrofurano ACGIH TLV (Estados Unidos, 1/2022) Absorbido a través de la piel TWA: 50 ppm 8 horas STEL: 100 ppm 15 minutos OSHA PEL 1989 (Estados Unidos, 3/1989) TWA: 200 ppm 8 horas TWA: 590 mg/m³ 8 horas STEL: 250 ppm 15 minutos STEL: 735 mg/m³ 15 minutos NIOSH REL (Estados Unidos, 10/2020) TWA: 200 ppm 10 horas TWA: 590 mg/m³ 10 horas STEL: 250 ppm 15 minutos STEL: 735 mg/m³ 15 minutos OSHA PEL (Estados Unidos, 5/2018) TWA: 200 ppm 8 horas TWA: 590 mg/m³ 8 horas CAL OSHA PEL (Estados Unidos, 5/2018) STEL: 735 mg/m³ 15 minutos STEL: 250 ppm 15 minutos Fecha de emisión : 8/17 Corlar 2; Polvo; 2022;  10 ; CAL;  30 ;  250 ; Alto; mg;  3;  545 ; TWA;  2.8 ; 1989; la;  8 ;  22 ;  100 ;  8;  20 ; Estados; Etilbenceno; TLV; 17 ;  500 ; Ototoxicante; Absorbido;  1200 ; STEL;  1000 ; Controles;  1800 ; REL; Base; silica; ACGIH;  6; US; a; Brillo; de;  3000 ; 26",TWA: 750 ppm 8 horas TWA: 1800 mg/m³ 8 horas Fecha de emisión : 7/17 Corlar 2.8 HG Epóxico Alto Bril...
FDS 1 - Corlar 2.8 HG Epóxico Alto Brillo - Base Media_S08_003,FDS 1 - Corlar 2.8 HG Epóxico Alto Brillo - Base Media,8,Controles de exposición/protección personal,text,512,,,"ejecutar; 2018; los; verificar; sustancias; en; horas; tiempo; usado; menos; HG; Teniendo; estimar; 2; Estado; salpicaduras; gases; una; OSHA PEL (Estados Unidos, 5/2018) [Silica, crystalline] TWA: 50 µg/m³ 8 horas Estado: Polvo respirable OSHA PEL Z3 (Estados Unidos, 6/2016) TWA: 30 mg/m³ / (%SiO2+2) 8 horas Estado: Polvo total CAL OSHA PEL (Estados Unidos, 5/2018) TWA: 0; Antes; impermeables; 2016; crystalline; deben; usados; OSHA PEL (Estados Unidos, 5/2018) STEL: 735 mg/m³ 15 minutos STEL: 250 ppm 15 minutos Fecha de emisión : 8/17 Corlar 2; minutos; posibilidad; Unidos; propiedades; Z3; equipo; lloviznas; Si; cuerpo; especificados; riesgos; non; aprobado; normas; necesario; varias; evitar; durante; preciso; especialista; productos; puede; periodo; grado; Cuando; con; manejen; ser; Corlar; tarea; En; presente; Guantes; para;  200 ; exactitud; involucrados; cara; utilizar; debe; ppm; ocular; mezclas; OSHA; ojos;  590 ; 3 ; personal; indique; formadas;  5; contra; caso; toda; indica; usar; no; el; respirable; siguiente; cumplan; material; total; Equipo; Fecha; del;  50 ; Media; Silica; PEL;  735 ;  2; debido; gafas;  15 ; SiO2; producto; Polvo; diferente; requiere; superior; electricidad; un; CAL;  30 ; exija; que; por; mantienen; ropa;  250 ; Alto; tener; mg; se; Es; manos; existe; TWA;  2.8 ; cada; la;  8 ; protector; o; riesgo; aprobadas;  8; las; es; Estados; uso; 17 ; protectoras; y; seleccionar; sus; si; cuenta; guantes; siempre; STEL; este; polvos; Controles; resistentes; cuando;  0.05 ; Base; silica;  6; US; cumpla; a; Brillo; de; 26; fabricante; contacto","TWA: 590 mg/m³ 8 horas CAL OSHA PEL (Estados Unidos, 5/2018) STEL: 735 mg/m³ 15 minutos STEL: 250 pp..."
FDS 1 - Corlar 2.8 HG Epóxico Alto Brillo - Base Media_S08_004,FDS 1 - Corlar 2.8 HG Epóxico Alto Brillo - Base Media,8,Controles de exposición/protección personal,text,511,,,gas; ejecutar; los; verificar; en; cerca; casos; menos; antebrazos; Lavar; eliminadores; salpicaduras; botas; lavado; al; Antes; deben; lavabo; locales; posibilidad; equipo; cuerpo; Si; riesgos; aprobado; necesario; apropiadas; obtener; Los; final; nivel; equipos; overoles; preciso; Control; especialista; volver; grado; Cuando; productos; fumar; con; ser; tarea; Usar; En; evaluados; comer; proceso; encuentren; seguridad; para; adecuada; involucrados; debajo; cara; utilizar; debe; remover; procedimientos; completamente; ojos; personal; estatutarios; contra; sistemas; procesos; usar; humo; no; el; siguiente; algunos; obrero; recintos; lugar; del; trabajo; contaminada; debido; gafas; producto; Use; Lave; requiere; medioambiental; superior; electricidad; recomendados; controles; contaminadas; un; u; reducir; exija; menor; que; por; ropa; manejar; anti; se; todos; modificaciones; manos; filtros; existe; vapor; usarlas; La; la; protector; o; duchas; ropas; riesgo; contaminantes; cumplen; emisiones; las; antes; Utilizar; es; aerotransportados; ambiente; mantener; uso; ventilación; protectoras; y; seleccionar; salir; guantes; aceptable; polvo; estaciones; otros; este; Controles; apropiados; medio; Verifique; Para; Emisiones; requisitos; a; de; descargas; contacto,"Si existe la posibilidad de contacto con el producto se debe usar el siguiente equipo de protección,..."
FDS 1 - Corlar 2.8 HG Epóxico Alto Brillo - Base Media_S08_005,FDS 1 - Corlar 2.8 HG Epóxico Alto Brillo - Base Media,8,Controles de exposición/protección personal,text,253,,,potencial; los; cerca; en; HG; Lavar; lavado; Antes; deben; piel; calzado;  9; riesgos; respiradores; otra; Los; tipo; cual; manipular; individual; especialista; adicional; Otro; volver; con; Corlar; tarea; cualquier; encuentren; asegurar; elegir; seguridad; acuerdo; para; debe; base; realice; lo; importantes; ojos; personal; asociados; respiratoria; usar; el; Fecha; Media; trabajo;  2; apropiado; producto; adecuado; contaminadas; un; que; Alto; se; respiratorias; respirador; usarlas;  2.8 ; la; Medidas; o; duchas; ropas; riesgo; las; antes; ajuste; uso; 17 ; y; estaciones; apropiada; basadas; medida; otros; este; seleccione; Controles; aspectos; Base; Verifique; US; cumpla; norma; a; Brillo; de; programa; 26; Con,Lavar las ropas contaminadas antes de volver a usarlas Verifique que las estaciones de lavado de ojo...
FDS 1 - Corlar 2.8 HG Epóxico Alto Brillo - Base Media_S09_001,FDS 1 - Corlar 2.8 HG Epóxico Alto Brillo - Base Media,9,Propiedades físicas y químicas,text,212,,,Blanco; C; gas; 3000°C (275 a 5432°F); 50°C (122°F); Vaso; o; maximo; medir; 446; Color; del; n;  230; agua; kPa; Densidad; es; posible; Punto; mm; Estado; temperatura;  3000; aplicable; y; Velocidad; Coeficiente; ISO; g; 0.4 kPa; Resultado; Inflamabilidad; 275 ; Apariencia; Temperatura;  1.547 ; 230°C (446°F); presión;  2431; Olor; flujo; 122; Hg;  135 ; No;  0.7%; Solubilidad; Tiempo; 3 ; Umbral; octanol; disponible; pH;  8.1%; F; olor; Soluble; Medio;  0.4 ; a; cerrado; inflamabilidad; de;  50;  5432; vapor; no; Viscosidad,y químicas Estado físico Punto de fusión Presión de vapor Densidad Densidad de vapor Solubilidad(es)...
FDS 1 - Corlar 2.8 HG Epóxico Alto Brillo - Base Media_S10_001,FDS 1 - Corlar 2.8 HG Epóxico Alto Brillo - Base Media,10,Estabilidad y reactividad,text,220,,,"los; HG; peligrosas; incompatibles; Bajo; Reactividad; llama; taladre; al; deben;  10; chispa; No; todas; condiciones; reacciones; almacenamiento; envases; productos; con; resultados; Corlar; siguientes; En; posibles; calor; materiales; presión; oxidantes; evitarse; peligrosos; suelde; peligrosa; no; Fecha; del; Condiciones; Media;  2; ocurre; Posibilidad; producto; Estabilidad; producir; fuentes; respecto; peligrosos Condiciones que deberán evitarse Evitar todas las fuentes posibles de ignición (chispa o llama); ensayos; que; Alto; se; someta;  2.8 ; la; existen; estable; o; peligrosas : En condiciones normales de almacenamiento y uso, no ocurre reacción peligrosa; reactividad; Productos; las; esmerile; es; normales; Reactivo; uso; 17 ; y; sus; exponga; este; Evitar; Base; ingredientes; corte; US; incompatible; a; Brillo; de; Materiales; 26; El",El producto es estable. Estabilidad química : Posibilidad de reacciones peligrosas : En condiciones ...
FDS 1 - Corlar 2.8 HG Epóxico Alto Brillo - Base Media_S11_001,FDS 1 - Corlar 2.8 HG Epóxico Alto Brillo - Base Media,11,Información toxicológica,text,288,,,Xilenos;  2001 ; Nombre; 50 ; horas; HG; Butoxietanol; 2;  5 ; Tetrahidrofurano; Resultado; crystalline; Por; ligera; 5000 ; No;  8400 ;  1650 ; non; Toxicidad; Dosis;  3500 ; DL50; Gas; Corlar; Vapor; alcohol; efectos;  2010 ;  2520 ;  1; Carcinogenicidad;  4300 ; ppm;  13500 ; Trimetilbenceno; disponible; Diacetona;  4 ; nieblas; respirable; Fecha; Media;  2; producto; aguda; Polvo; Especies; g; ingrediente; Acetona;  12.6 ;  21 ; Oral;  5800 ; nafta; Alto; mg;  2.8 ; Conejo;  18000 ; o;  3492 ; sobre; mezcla; Mutagenicidad; Etilbenceno; 17 ; y; Rata; l; disolvente; CL50; kg;  11;  917 ; silica; Base; US;  5000 ; Brillo; de; reproductiva; 26; 4,Toxicidad aguda Diacetona alcohol DL50 Cutánea Conejo 13500 mg/kg - DL50 Oral Rata 2520 mg/kg - naft...
FDS 1 - Corlar 2.8 HG Epóxico Alto Brillo - Base Media_S11_002,FDS 1 - Corlar 2.8 HG Epóxico Alto Brillo - Base Media,11,Información toxicológica,text,510,,,ingreso; significativos; Xilenos; los; Nombre; horas; HG; Butoxietanol;  5 ; Tetrahidrofurano; una; Resultado; Humano; crystalline; Por; piel;  60 ; conocen; dato; No; riesgos; non; grave;  87 ; Teratogenicidad; moderado; titanio; Grado; Ojos; con; Corlar; epiclorhidrina; alcohol; posibles; NTP; efectos; ppm; ocular; OSHA; ojos; relacionados; disponible; Diacetona; respirable;  186300 ; leve; uL; Irritante; Fecha; Media;  2;  100 %;  395 ;  1 ;  15 ; como; Piel; producto; Conocido; Especies; ingrediente; Acetona; irritante; Puede;  10 ; provocar;  3 ; Alto; mg; se; carcinógeno;  2.8 ; la; fuerte;  8 ; Conejo;  100 ; o; riesgo; Contacto; sobre; las; mezcla;  20 ; Etilbenceno; 17 ; y;  500 ;  2 ; Rata; Provoca; bisfenol;  12; silica; Base; IARC; US;  24 ; Brillo; de; humano; 26; A,producto de reacción: bisfenol-A-epiclorhidrina Ojos - Irritante leve Conejo - 100 mg - Piel - Irrit...
FDS 1 - Corlar 2.8 HG Epóxico Alto Brillo - Base Media_S11_003,FDS 1 - Corlar 2.8 HG Epóxico Alto Brillo - Base Media,11,Información toxicológica,text,510,,,"significativos; los; Xilenos; Nombre; en; HG; Ruta; bajos; 2; vez; Tetrahidrofurano; salud; una; Resultado; crystalline; Peligro; Por; niveles; piel; ligera; conocen; dato; No; pueden; muy; riesgos; non; Toxicidad; Los; PELIGRO; posteriormente; puede; grado; con; Corlar; siguientes; Efecto; ocurrir; Generales; alcohol; efectos; persona; vitales;  1; Carcinogenicidad; POR; depende; exposiciones; ojos; sensibilizada; relacionados; Trimetilbenceno; disponible; Diacetona; el; respirable; severa; lagrimeo; Efectos; Fecha; adversos; Media; Peligro de aspiración Nombre Resultado nafta disolvente (petróleo), fracción aromática ligera PELIGRO POR ASPIRACIÓN - Categoría 1 1,2,4-Trimetilbenceno PELIGRO POR ASPIRACIÓN - Categoría 1 Xilenos, mezcla isómeros PELIGRO POR ASPIRACIÓN - Categoría 1 Etilbenceno PELIGRO POR ASPIRACIÓN - Categoría 1 Ruta de exposición Órganos vitales Ruta de exposición Órganos vitales : No disponible Efectos agudos potenciales en la salud Fecha de emisión : 13/17 Corlar 2;  2; blanco;  1 ; enrojecimiento; potenciales; Acetona; Puede; 1; incluso; dolor; nafta; agudos; que; provocar;  3 ; Alto; se; incluir; respiratorias; expone;  2.8 ; la; repetidas; o; riesgo; Contacto; las; mezcla; Mutagenicidad; Etilbenceno; 17 ; y; si;  2 ; disolvente;  13; Una; silica; Base; US; a; Brillo; de; 26; El; 4",": Contacto con los ojos Síntomas relacionados con las características físicas, químicas y toxicológi..."
FDS 1 - Corlar 2.8 HG Epóxico Alto Brillo - Base Media_S11_004,FDS 1 - Corlar 2.8 HG Epóxico Alto Brillo - Base Media,11,Información toxicológica,text,499,,,significativos; desarrollo; los; en; menos; Ruta; gases; retardados; salud;  22587.97 ; una; sobrante; producidos; recipientes; deben; entre; locales; conocen; No; sea; riesgos; todas; autoridades; tratar; relativa; contratista; permitirse; Los; hay; contemplar; ETA; Teratogenicidad; evitar; fertilidad;  385.45 ; envases; productos; con; corto; agua; reciclar; posible; cualquier; desechos; cumplir; posibles; efectos; para; debe; ppm; Estimaciones; GHS; disponible; no; el;  436959.37 ; sin; Efectos; del; enterramiento; como; producto; residuos; alcantarilla; aguda; cuidado; potenciales; largo; reciclables; hayan; un; Oral; por; que; estimaciones; desechados; manipulen; autorizado; mg; se; todos; reciclaje; minimizar; La; la; tales; Medidas; o; precauciones; toxicidad; sobre; factible; sean; las; compatibles; ambiente; Se; Mutagenicidad; Valor; derivado; y; plazo; sus; l; cursos; siempre; kg; este; cuando; inmediatos; medio; requisitos; vapores; tirar; limpiado; soluciones; a; de; datos;  20249.86 ; enjuagado; Disponga,Mutagenicidad : No se conocen efectos significativos o riesgos críticos Teratogenicidad : Efectos de...
FDS 1 - Corlar 2.8 HG Epóxico Alto Brillo - Base Media_S11_005,FDS 1 - Corlar 2.8 HG Epóxico Alto Brillo - Base Media,11,Información toxicológica,text,194,,,retener; o; envases; material; los; productos; precauciones; puede; Fecha; con; del; Corlar; Media; en; menos; inflamable; las;  2; HG; recortar; triturar; fondo; ambiente; Se; revestimentos; producto; residuos; interior; 17 ; posibles; altamente; y; dentro; sus; cuidado; explosivo; recipientes; usados; enjuagado; suelo; hayan; un; derramado; Evite; cuando; No; soldar; pueden; medio; crear; Base; alcantarillas; contacto; todas; que; manipulen; relativa; limpiado; US; Alto;  14; su; recipiente; se; Los; Brillo; de; a; 26; El; vapor; no; el;  2.8 ; la,Elimínense los residuos del producto y sus recipientes con todas las precauciones posibles Se tendrá...
FDS 1 - Corlar 2.8 HG Epóxico Alto Brillo - Base Media_S12_001,FDS 1 - Corlar 2.8 HG Epóxico Alto Brillo - Base Media,12,Información ecológica,text,288,,,Xilenos;  2001 ; Nombre; 50 ; horas; HG; Butoxietanol; 2;  5 ; Tetrahidrofurano; Resultado; crystalline; Por; ligera; 5000 ; No;  8400 ;  1650 ; non; Toxicidad; Dosis;  3500 ; DL50; Gas; Corlar; Vapor; alcohol; efectos;  2010 ;  2520 ;  1; Carcinogenicidad;  4300 ; ppm;  13500 ; Trimetilbenceno; disponible; Diacetona;  4 ; nieblas; respirable; Fecha; Media;  2; producto; aguda; Polvo; Especies; g; ingrediente; Acetona;  12.6 ;  21 ; Oral;  5800 ; nafta; Alto; mg;  2.8 ; Conejo;  18000 ; o;  3492 ; sobre; mezcla; Mutagenicidad; Etilbenceno; 17 ; y; Rata; l; disolvente; CL50; kg;  11;  917 ; silica; Base; US;  5000 ; Brillo; de; reproductiva; 26; 4,Toxicidad aguda Diacetona alcohol DL50 Cutánea Conejo 13500 mg/kg - DL50 Oral Rata 2520 mg/kg - naft...
FDS 1 - Corlar 2.8 HG Epóxico Alto Brillo - Base Media_S12_002,FDS 1 - Corlar 2.8 HG Epóxico Alto Brillo - Base Media,12,Información ecológica,text,510,,,ingreso; significativos; Xilenos; los; Nombre; horas; HG; Butoxietanol;  5 ; Tetrahidrofurano; una; Resultado; Humano; crystalline; Por; piel;  60 ; conocen; dato; No; riesgos; non; grave;  87 ; Teratogenicidad; moderado; titanio; Grado; Ojos; con; Corlar; epiclorhidrina; alcohol; posibles; NTP; efectos; ppm; ocular; OSHA; ojos; relacionados; disponible; Diacetona; respirable;  186300 ; leve; uL; Irritante; Fecha; Media;  2;  100 %;  395 ;  1 ;  15 ; como; Piel; producto; Conocido; Especies; ingrediente; Acetona; irritante; Puede;  10 ; provocar;  3 ; Alto; mg; se; carcinógeno;  2.8 ; la; fuerte;  8 ; Conejo;  100 ; o; riesgo; Contacto; sobre; las; mezcla;  20 ; Etilbenceno; 17 ; y;  500 ;  2 ; Rata; Provoca; bisfenol;  12; silica; Base; IARC; US;  24 ; Brillo; de; humano; 26; A,producto de reacción: bisfenol-A-epiclorhidrina Ojos - Irritante leve Conejo - 100 mg - Piel - Irrit...
FDS 1 - Corlar 2.8 HG Epóxico Alto Brillo - Base Media_S12_003,FDS 1 - Corlar 2.8 HG Epóxico Alto Brillo - Base Media,12,Información ecológica,text,510,,,"significativos; los; Xilenos; Nombre; en; HG; Ruta; bajos; 2; vez; Tetrahidrofurano; salud; una; Resultado; crystalline; Peligro; Por; niveles; piel; ligera; conocen; dato; No; pueden; muy; riesgos; non; Toxicidad; Los; PELIGRO; posteriormente; puede; grado; con; Corlar; siguientes; Efecto; ocurrir; Generales; alcohol; efectos; persona; vitales;  1; Carcinogenicidad; POR; depende; exposiciones; ojos; sensibilizada; relacionados; Trimetilbenceno; disponible; Diacetona; el; respirable; severa; lagrimeo; Efectos; Fecha; adversos; Media; Peligro de aspiración Nombre Resultado nafta disolvente (petróleo), fracción aromática ligera PELIGRO POR ASPIRACIÓN - Categoría 1 1,2,4-Trimetilbenceno PELIGRO POR ASPIRACIÓN - Categoría 1 Xilenos, mezcla isómeros PELIGRO POR ASPIRACIÓN - Categoría 1 Etilbenceno PELIGRO POR ASPIRACIÓN - Categoría 1 Ruta de exposición Órganos vitales Ruta de exposición Órganos vitales : No disponible Efectos agudos potenciales en la salud Fecha de emisión : 13/17 Corlar 2;  2; blanco;  1 ; enrojecimiento; potenciales; Acetona; Puede; 1; incluso; dolor; nafta; agudos; que; provocar;  3 ; Alto; se; incluir; respiratorias; expone;  2.8 ; la; repetidas; o; riesgo; Contacto; las; mezcla; Mutagenicidad; Etilbenceno; 17 ; y; si;  2 ; disolvente;  13; Una; silica; Base; US; a; Brillo; de; 26; El; 4",": Contacto con los ojos Síntomas relacionados con las características físicas, químicas y toxicológi..."
FDS 1 - Corlar 2.8 HG Epóxico Alto Brillo - Base Media_S12_004,FDS 1 - Corlar 2.8 HG Epóxico Alto Brillo - Base Media,12,Información ecológica,text,499,,,significativos; desarrollo; los; en; menos; Ruta; gases; retardados; salud;  22587.97 ; una; sobrante; producidos; recipientes; deben; entre; locales; conocen; No; sea; riesgos; todas; autoridades; tratar; relativa; contratista; permitirse; Los; hay; contemplar; ETA; Teratogenicidad; evitar; fertilidad;  385.45 ; envases; productos; con; corto; agua; reciclar; posible; cualquier; desechos; cumplir; posibles; efectos; para; debe; ppm; Estimaciones; GHS; disponible; no; el;  436959.37 ; sin; Efectos; del; enterramiento; como; producto; residuos; alcantarilla; aguda; cuidado; potenciales; largo; reciclables; hayan; un; Oral; por; que; estimaciones; desechados; manipulen; autorizado; mg; se; todos; reciclaje; minimizar; La; la; tales; Medidas; o; precauciones; toxicidad; sobre; factible; sean; las; compatibles; ambiente; Se; Mutagenicidad; Valor; derivado; y; plazo; sus; l; cursos; siempre; kg; este; cuando; inmediatos; medio; requisitos; vapores; tirar; limpiado; soluciones; a; de; datos;  20249.86 ; enjuagado; Disponga,Mutagenicidad : No se conocen efectos significativos o riesgos críticos Teratogenicidad : Efectos de...
FDS 1 - Corlar 2.8 HG Epóxico Alto Brillo - Base Media_S12_005,FDS 1 - Corlar 2.8 HG Epóxico Alto Brillo - Base Media,12,Información ecológica,text,480,,,"Este; cantidad; los; embalajes; en; menos; HG; fondo; 677.52 ; transporta; transportado; altamente; dentro; galones; canales; recipientes; usados; reclasificado; buques; Evite; No; soldar; pueden; sea; regulados; alcantarillas; todas;  119 ; relativa; su; Los; enviar; envases; regulado; productos; puede; con; Corlar; ser; L; regulaciones; recortar; transporte; bultos; requieren; menores; posibles; marcado; para; materiales; otras; lo; sujetos; contaminante; peligrosos;  3967.6 ; ferroviaria; informable; reporte; Cantidad; peligrosa; no; el; ≤5 ; cumplan; material; Fecha; del; Media;  2; triturar; inferiores; iguales; como; Galones; producto; residuos; cuidado; requiere; combustible; suelo; disposiciones; hayan; un; derramado; son; establecida; que; manipulen; por; Alto; peligrosa para el medio ambiente puede mostrarse si otras regulaciones de transporte lo requieren;  14; recipiente; se; sustancia; marino; mostrarse; vapor; excepto;  2.8 ; la; granel; retener; voluminosos; o; RQ; empaques; precauciones; contaminantes; mar;  2564.7 ; inflamable; las; peligrosos si sus tamaños son inferiores a la cantidad de reporte para el producto, excepto cuando se transportan en buques Este producto no está regulado como contaminante marino cuando se transporta en canales y ríos navegables en tamaños de ≤5 L o ≤5 kg o por vía terrestre, ferroviaria o aérea en tamaños no voluminosos, siempre y cuando los empaques cumplan con las disposiciones generales de §§ 173; ambiente; Se; revestimentos;  173.24 ; interior; 17 ; y; sus; explosivo; si; navegables; siempre; kg; terrestre; cuando; medio; crear; Base;  8739.2 ; combustibles; requisitos; lbs; limpiado; US; transportan; a; Brillo; generales; de; 26; El; buque;  173.24; enjuagado; contacto",Elimínense los residuos del producto y sus recipientes con todas las precauciones posibles Se tendrá...
FDS 1 - Corlar 2.8 HG Epóxico Alto Brillo - Base Media_S12_006,FDS 1 - Corlar 2.8 HG Epóxico Alto Brillo - Base Media,12,Información ecológica,text,406,,,accidente; en; HG; peligrosas; una; al; relativas; dentro; Precauciones; cerrados; obligatoria; recipientes; entre;  15; conocen; No; peligrosa para el medio ambiente puede mostrarse si otras regulaciones de transporte lo requieren Información adicional Precauciones especiales para el usuario Transporte dentro de las instalaciones de usuarios: siempre transporte en recipientes cerrados que estén verticales y seguros Asegurar que las personas que transportan el producto conocen qué hacer en caso de un accidente o derrame : Producto clasificado de acuerdo con las siguientes secciones de las regulaciones de transporte de mercancías peligrosas 2 (Class 3) Clasificación DOT Clasificación para el TDG IMDG IATA : : : : PINTURA 3 III PINTURA 3 III PINTURA 3 III Clasificación DOT IMDG IATA Número ONU Designación oficial de transporte Clase(s) relativas al transporte Grupo de embalaje Riesgos ambientales Sí Sí Sí La marca de substancia peligrosa para el ambiente no es obligatoria Clasificación para el TDG PINTURA 3 III No Clasificación de México PINTURA 3 III No Fecha de emisión : 15/17 Corlar 2; variar; proveedor; exenciones; relativa; obtener; marca; su; seguros; incluyendo; personas; especialista; adicional; puede; con; Corlar; encuentran; siguientes; regulaciones; Riesgos; usuario; posible; transporte; requieren; marcado; Asegurar; excepciones; Producto; para; acuerdo; usuarios; contenedor; otras; ONU; Clase; volumen; lo; Consulte; disponible; oficial; IMDG; caso; factores; instalaciones; peligrosa; no; el; Transporte; material; Fecha; del; Media;  2; embalaje; hacer; como; producto; un; derrame; s; ambientales; secciones; que; clasificado;  3 ; Alto; PINTURA; se; sustancia; mostrarse;  3; aplicables; La;  2.8 ; verticales; la; granel; modo; o; IMO; las; III; es; TDG; ambiente; uso; 17 ; y; si; substancia;  2 ; DOT; apropiada; siempre; Class; este; otros; real; especiales; medio; IATA; Base; instrumentos; varios; US; transportan; proporcionada; a; Brillo; de; 26; El; Grupo,El marcado como sustancia peligrosa para el medio ambiente puede mostrarse si otras regulaciones de ...
FDS 1 - Corlar 2.8 HG Epóxico Alto Brillo - Base Media_S13_001,FDS 1 - Corlar 2.8 HG Epóxico Alto Brillo - Base Media,13,Consideraciones de eliminación,text,288,,,Xilenos;  2001 ; Nombre; 50 ; horas; HG; Butoxietanol; 2;  5 ; Tetrahidrofurano; Resultado; crystalline; Por; ligera; 5000 ; No;  8400 ;  1650 ; non; Toxicidad; Dosis;  3500 ; DL50; Gas; Corlar; Vapor; alcohol; efectos;  2010 ;  2520 ;  1; Carcinogenicidad;  4300 ; ppm;  13500 ; Trimetilbenceno; disponible; Diacetona;  4 ; nieblas; respirable; Fecha; Media;  2; producto; aguda; Polvo; Especies; g; ingrediente; Acetona;  12.6 ;  21 ; Oral;  5800 ; nafta; Alto; mg;  2.8 ; Conejo;  18000 ; o;  3492 ; sobre; mezcla; Mutagenicidad; Etilbenceno; 17 ; y; Rata; l; disolvente; CL50; kg;  11;  917 ; silica; Base; US;  5000 ; Brillo; de; reproductiva; 26; 4,Toxicidad aguda Diacetona alcohol DL50 Cutánea Conejo 13500 mg/kg - DL50 Oral Rata 2520 mg/kg - naft...
FDS 1 - Corlar 2.8 HG Epóxico Alto Brillo - Base Media_S13_002,FDS 1 - Corlar 2.8 HG Epóxico Alto Brillo - Base Media,13,Consideraciones de eliminación,text,510,,,ingreso; significativos; Xilenos; los; Nombre; horas; HG; Butoxietanol;  5 ; Tetrahidrofurano; una; Resultado; Humano; crystalline; Por; piel;  60 ; conocen; dato; No; riesgos; non; grave;  87 ; Teratogenicidad; moderado; titanio; Grado; Ojos; con; Corlar; epiclorhidrina; alcohol; posibles; NTP; efectos; ppm; ocular; OSHA; ojos; relacionados; disponible; Diacetona; respirable;  186300 ; leve; uL; Irritante; Fecha; Media;  2;  100 %;  395 ;  1 ;  15 ; como; Piel; producto; Conocido; Especies; ingrediente; Acetona; irritante; Puede;  10 ; provocar;  3 ; Alto; mg; se; carcinógeno;  2.8 ; la; fuerte;  8 ; Conejo;  100 ; o; riesgo; Contacto; sobre; las; mezcla;  20 ; Etilbenceno; 17 ; y;  500 ;  2 ; Rata; Provoca; bisfenol;  12; silica; Base; IARC; US;  24 ; Brillo; de; humano; 26; A,producto de reacción: bisfenol-A-epiclorhidrina Ojos - Irritante leve Conejo - 100 mg - Piel - Irrit...
FDS 1 - Corlar 2.8 HG Epóxico Alto Brillo - Base Media_S13_003,FDS 1 - Corlar 2.8 HG Epóxico Alto Brillo - Base Media,13,Consideraciones de eliminación,text,510,,,"significativos; los; Xilenos; Nombre; en; HG; Ruta; bajos; 2; vez; Tetrahidrofurano; salud; una; Resultado; crystalline; Peligro; Por; niveles; piel; ligera; conocen; dato; No; pueden; muy; riesgos; non; Toxicidad; Los; PELIGRO; posteriormente; puede; grado; con; Corlar; siguientes; Efecto; ocurrir; Generales; alcohol; efectos; persona; vitales;  1; Carcinogenicidad; POR; depende; exposiciones; ojos; sensibilizada; relacionados; Trimetilbenceno; disponible; Diacetona; el; respirable; severa; lagrimeo; Efectos; Fecha; adversos; Media; Peligro de aspiración Nombre Resultado nafta disolvente (petróleo), fracción aromática ligera PELIGRO POR ASPIRACIÓN - Categoría 1 1,2,4-Trimetilbenceno PELIGRO POR ASPIRACIÓN - Categoría 1 Xilenos, mezcla isómeros PELIGRO POR ASPIRACIÓN - Categoría 1 Etilbenceno PELIGRO POR ASPIRACIÓN - Categoría 1 Ruta de exposición Órganos vitales Ruta de exposición Órganos vitales : No disponible Efectos agudos potenciales en la salud Fecha de emisión : 13/17 Corlar 2;  2; blanco;  1 ; enrojecimiento; potenciales; Acetona; Puede; 1; incluso; dolor; nafta; agudos; que; provocar;  3 ; Alto; se; incluir; respiratorias; expone;  2.8 ; la; repetidas; o; riesgo; Contacto; las; mezcla; Mutagenicidad; Etilbenceno; 17 ; y; si;  2 ; disolvente;  13; Una; silica; Base; US; a; Brillo; de; 26; El; 4",": Contacto con los ojos Síntomas relacionados con las características físicas, químicas y toxicológi..."
FDS 1 - Corlar 2.8 HG Epóxico Alto Brillo - Base Media_S13_004,FDS 1 - Corlar 2.8 HG Epóxico Alto Brillo - Base Media,13,Consideraciones de eliminación,text,499,,,significativos; desarrollo; los; en; menos; Ruta; gases; retardados; salud;  22587.97 ; una; sobrante; producidos; recipientes; deben; entre; locales; conocen; No; sea; riesgos; todas; autoridades; tratar; relativa; contratista; permitirse; Los; hay; contemplar; ETA; Teratogenicidad; evitar; fertilidad;  385.45 ; envases; productos; con; corto; agua; reciclar; posible; cualquier; desechos; cumplir; posibles; efectos; para; debe; ppm; Estimaciones; GHS; disponible; no; el;  436959.37 ; sin; Efectos; del; enterramiento; como; producto; residuos; alcantarilla; aguda; cuidado; potenciales; largo; reciclables; hayan; un; Oral; por; que; estimaciones; desechados; manipulen; autorizado; mg; se; todos; reciclaje; minimizar; La; la; tales; Medidas; o; precauciones; toxicidad; sobre; factible; sean; las; compatibles; ambiente; Se; Mutagenicidad; Valor; derivado; y; plazo; sus; l; cursos; siempre; kg; este; cuando; inmediatos; medio; requisitos; vapores; tirar; limpiado; soluciones; a; de; datos;  20249.86 ; enjuagado; Disponga,Mutagenicidad : No se conocen efectos significativos o riesgos críticos Teratogenicidad : Efectos de...
FDS 1 - Corlar 2.8 HG Epóxico Alto Brillo - Base Media_S13_005,FDS 1 - Corlar 2.8 HG Epóxico Alto Brillo - Base Media,13,Consideraciones de eliminación,text,480,,,"Este; cantidad; los; embalajes; en; menos; HG; fondo; 677.52 ; transporta; transportado; altamente; dentro; galones; canales; recipientes; usados; reclasificado; buques; Evite; No; soldar; pueden; sea; regulados; alcantarillas; todas;  119 ; relativa; su; Los; enviar; envases; regulado; productos; puede; con; Corlar; ser; L; regulaciones; recortar; transporte; bultos; requieren; menores; posibles; marcado; para; materiales; otras; lo; sujetos; contaminante; peligrosos;  3967.6 ; ferroviaria; informable; reporte; Cantidad; peligrosa; no; el; ≤5 ; cumplan; material; Fecha; del; Media;  2; triturar; inferiores; iguales; como; Galones; producto; residuos; cuidado; requiere; combustible; suelo; disposiciones; hayan; un; derramado; son; establecida; que; manipulen; por; Alto; peligrosa para el medio ambiente puede mostrarse si otras regulaciones de transporte lo requieren;  14; recipiente; se; sustancia; marino; mostrarse; vapor; excepto;  2.8 ; la; granel; retener; voluminosos; o; RQ; empaques; precauciones; contaminantes; mar;  2564.7 ; inflamable; las; peligrosos si sus tamaños son inferiores a la cantidad de reporte para el producto, excepto cuando se transportan en buques Este producto no está regulado como contaminante marino cuando se transporta en canales y ríos navegables en tamaños de ≤5 L o ≤5 kg o por vía terrestre, ferroviaria o aérea en tamaños no voluminosos, siempre y cuando los empaques cumplan con las disposiciones generales de §§ 173; ambiente; Se; revestimentos;  173.24 ; interior; 17 ; y; sus; explosivo; si; navegables; siempre; kg; terrestre; cuando; medio; crear; Base;  8739.2 ; combustibles; requisitos; lbs; limpiado; US; transportan; a; Brillo; generales; de; 26; El; buque;  173.24; enjuagado; contacto",Elimínense los residuos del producto y sus recipientes con todas las precauciones posibles Se tendrá...
FDS 1 - Corlar 2.8 HG Epóxico Alto Brillo - Base Media_S13_006,FDS 1 - Corlar 2.8 HG Epóxico Alto Brillo - Base Media,13,Consideraciones de eliminación,text,406,,,accidente; en; HG; peligrosas; una; al; relativas; dentro; Precauciones; cerrados; obligatoria; recipientes; entre;  15; conocen; No; peligrosa para el medio ambiente puede mostrarse si otras regulaciones de transporte lo requieren Información adicional Precauciones especiales para el usuario Transporte dentro de las instalaciones de usuarios: siempre transporte en recipientes cerrados que estén verticales y seguros Asegurar que las personas que transportan el producto conocen qué hacer en caso de un accidente o derrame : Producto clasificado de acuerdo con las siguientes secciones de las regulaciones de transporte de mercancías peligrosas 2 (Class 3) Clasificación DOT Clasificación para el TDG IMDG IATA : : : : PINTURA 3 III PINTURA 3 III PINTURA 3 III Clasificación DOT IMDG IATA Número ONU Designación oficial de transporte Clase(s) relativas al transporte Grupo de embalaje Riesgos ambientales Sí Sí Sí La marca de substancia peligrosa para el ambiente no es obligatoria Clasificación para el TDG PINTURA 3 III No Clasificación de México PINTURA 3 III No Fecha de emisión : 15/17 Corlar 2; variar; proveedor; exenciones; relativa; obtener; marca; su; seguros; incluyendo; personas; especialista; adicional; puede; con; Corlar; encuentran; siguientes; regulaciones; Riesgos; usuario; posible; transporte; requieren; marcado; Asegurar; excepciones; Producto; para; acuerdo; usuarios; contenedor; otras; ONU; Clase; volumen; lo; Consulte; disponible; oficial; IMDG; caso; factores; instalaciones; peligrosa; no; el; Transporte; material; Fecha; del; Media;  2; embalaje; hacer; como; producto; un; derrame; s; ambientales; secciones; que; clasificado;  3 ; Alto; PINTURA; se; sustancia; mostrarse;  3; aplicables; La;  2.8 ; verticales; la; granel; modo; o; IMO; las; III; es; TDG; ambiente; uso; 17 ; y; si; substancia;  2 ; DOT; apropiada; siempre; Class; este; otros; real; especiales; medio; IATA; Base; instrumentos; varios; US; transportan; proporcionada; a; Brillo; de; 26; El; Grupo,El marcado como sustancia peligrosa para el medio ambiente puede mostrarse si otras regulaciones de ...
FDS 1 - Corlar 2.8 HG Epóxico Alto Brillo - Base Media_S14_001,FDS 1 - Corlar 2.8 HG Epóxico Alto Brillo - Base Media,14,Información sobre transporte,text,495,,,"Este; cantidad; los; accidente; embalajes; en; menos; peligrosas; 677.52 ; transporta; transportado; relativas; dentro; al; galones; Precauciones; cerrados; obligatoria; canales; recipientes; reclasificado; buques; conocen; No; sea; regulados;  119 ; marca; seguros; Los; personas; enviar; adicional; regulado; puede; con; ser; L; siguientes; regulaciones; Riesgos; usuario; transporte; bultos; requieren; menores; marcado; Asegurar; Producto; para; acuerdo; usuarios; materiales; otras; ONU; Clase; lo; sujetos; contaminante; peligrosos;  3967.6 ; ferroviaria; informable; oficial; IMDG; caso; reporte; instalaciones; Cantidad; peligrosa; no; el; Transporte; ≤5 ; cumplan; del; inferiores; embalaje; iguales; hacer; como; Galones; producto; requiere; combustible; disposiciones; un; derrame; son; establecida; s; ambientales; secciones; por; que; clasificado;  3 ; PINTURA; se; sustancia; marino; mostrarse;  3; excepto; La; verticales; la; granel; voluminosos; o; RQ; empaques; contaminantes; mar;  2564.7 ; las; III; es; peligrosos si sus tamaños son inferiores a la cantidad de reporte para el producto, excepto cuando se transportan en buques Este producto no está regulado como contaminante marino cuando se transporta en canales y ríos navegables en tamaños de ≤5 L o ≤5 kg o por vía terrestre, ferroviaria o aérea en tamaños no voluminosos, siempre y cuando los empaques cumplan con las disposiciones generales de §§ 173; TDG; ambiente;  173.24 ; y; sus; si; substancia; navegables;  2 ; DOT; siempre; Class; kg; terrestre; peligrosa para el medio ambiente puede mostrarse si otras regulaciones de transporte lo requieren Información adicional Precauciones especiales para el usuario Transporte dentro de las instalaciones de usuarios: siempre transporte en recipientes cerrados que estén verticales y seguros Asegurar que las personas que transportan el producto conocen qué hacer en caso de un accidente o derrame : Producto clasificado de acuerdo con las siguientes secciones de las regulaciones de transporte de mercancías peligrosas 2 (Class 3) Clasificación DOT Clasificación para el TDG IMDG IATA : : : : PINTURA 3 III PINTURA 3 III PINTURA 3 III Clasificación DOT IMDG IATA Número ONU Designación oficial de transporte Clase(s) relativas al transporte Grupo de embalaje Riesgos ambientales Sí Sí Sí La marca de substancia peligrosa para el ambiente no es obligatoria Clasificación para el TDG PINTURA 3 III No Clasificación de México PINTURA 3 III No; especiales; cuando; medio; IATA; combustibles;  8739.2 ; requisitos; lbs; transportan; a; generales; de; buque; El;  173.24; Grupo","Este producto puede ser reclasificado como “Líquido combustible”, a menos que sea transportado por b..."
FDS 1 - Corlar 2.8 HG Epóxico Alto Brillo - Base Media_S14_002,FDS 1 - Corlar 2.8 HG Epóxico Alto Brillo - Base Media,14,Información sobre transporte,text,186,,,granel; especialista; modo; material; o; IMO; puede; Fecha; con; del; Corlar; Media; en; encuentran; regulaciones; HG;  2; las; Transporte; III; es; posible; TDG; transporte; producto; uso; al; 17 ; una; y; excepciones; para; acuerdo; contenedor; apropiada; entre; otros; este; volumen;  15; real; No; variar; proveedor; Base; exenciones; instrumentos; Consulte; relativa; que; disponible; varios; US; obtener;  3 ; Alto; factores; PINTURA; proporcionada; su; a; Brillo; incluyendo; de; se; 26; aplicables; el; La;  2.8 ; la,Clasificación para el TDG PINTURA 3 III No Clasificación de México PINTURA 3 III No Fecha de emisión...
FDS 1 - Corlar 2.8 HG Epóxico Alto Brillo - Base Media_S15_001,FDS 1 - Corlar 2.8 HG Epóxico Alto Brillo - Base Media,15,Información reglamentaria,text,261,100-41-4; 95-63-6; 111-76-2; 1330-20-7,,notificaciones; copias; mismas; ≤3 ; Xilenos; los; Nombre; Todos; Pollutants; Butoxietanol; 2; 100-41-4; Act;  111-76; ≤0.3 ; deben; Air; componentes; Unidos; No; proveedor; adjunto; 6 ; 95-63-6; CARCINOGENICIDAD; 1330-20-7;  112 ; distribuidas; aplicable;  304 ; seguridad; HAPs; listados;  1; debe; remover; SARA; Hazardous; Trimetilbenceno; R; INFLAMABLES; ≤1.4 ; toda; HDS; Requisitos; Clean; no; Las; Listado;  1330-20; del; 4 ;  2; 312 ;  1 ; producto; Lista; 2 ; 1; exentos; son; Section; que; CAS;  3 ; se; incluir; copia;  95-63; la; inventario; RQ; 7 ; o; Formulario; aviso;  100-41; sean; las; mezcla; Estados; 111-76-2; Etilbenceno; y; informes;  313 ;  2 ; FDS; OCULAR; hoja; a; de; b; datos; 4;  311,SARA 313 Nombre del producto Número CAS % Las notificaciones de SARA 313 no se deben remover de la h...
FDS 1 - Corlar 2.8 HG Epóxico Alto Brillo - Base Media_S16_001,FDS 1 - Corlar 2.8 HG Epóxico Alto Brillo - Base Media,16,Otra información,text,445,,,"SDS; Este; pero; etiqueta; significativos; los; Otra; en; Inc; destinado; HG; asegurarse; Ficha; reciban; representa; una; al;  29; registrada; deben; proveedores; CFR; Unidos;  16; HMIS; nueva; riesgos; todas; proporcionarlas; peligros; marca; su; sujeto; seguros; Los; System; fecha; Esta;  0 ; basan; Information; clasificaciones; Systems; productos; puede; implementado; con; 0 ; responsables; relevante; Corlar; Riesgos; previsto; salen; requieren; consultar; cumplir; Axalta; seguridad; para; Salud; cree; exacto; usuarios; leer; utilizar; exclusivamente; Hazardous; completamente; actualizada; Coatings; asociada; toda; contenido;  4 ; incorporar; seguir; Aunque;  1910.1200 ; no; el; Material; Las; escala; Fecha; del; Media;  2; bajo; propia; hacer; producto; Inflamabilidad; idoneidad; 2 ; servicio; un; son; donde; que; por; cuanto; Alto; Historial; se; utilizarlo; Es; cualquiera; aplicables; responsabilidad;  2.8 ; la; informaciones; o; preparador; precauciones; reglamentos; las; subsidiarias; antes; es; Estados; afiliadas; Se; uso; 17 ; y; sus;  2 ; industrial; medida; American; Association;  4; leyes; Base; esta; optar; LLC; US; proporcionada; a; Brillo; cambios; de; identificadas; programa; 26; datos; peligros o riesgos mínimos y 4 representa los peligros o riesgos significativos Aunque las clasificaciones de HMIS® y la etiqueta asociada no se requieren en las SDS o en los productos que salen de una instalación bajo la sección 29, artículos 1910",es Hazardous Material Information System (Estados Unidos) 2 2 0 * Salud Inflamabilidad Riesgos físic...
FDS 1 - Corlar 2.8 HG Epóxico Alto Brillo - Base Media_S16_002,FDS 1 - Corlar 2.8 HG Epóxico Alto Brillo - Base Media,16,Otra información,text,446,,,"SDS; los; en; lea; AXALTA; marina; menos; ha; Log; National; anterior; refiere; al; Reactividad; deben; recomienda; Unidos; HMIS; Manual; Equipment; Si; PPE; PARTICULAR; Marpol; Protection; Indica; obtener; Toxicidad; su; Los; consulte; ENTRE; ETA; Protocolo; productos;  1978 ;  1973 ; Unidas; 0 ; con; relevante; Aviso; agua; Convenio; INCLUYENDO; previsto; posible; proceso; EN; cualquier; Inestabilidad; Axalta; aplicable; Abreviaturas; para; Salud;  1; usuarios; leer; Buques; ONU; utilizar; Fire; Sistema; lo; Protective; 3 ; logaritmo; personal; Internacional; IMDG; SGA; toda; coeficiente; Peligrosas; no; el; Transporte; Contenedor; ley; material; va; Equipo; Kow; EXPRESAS; Especial; Peligrosas Log Kow = logaritmo del coeficiente de reparto octanol/agua MARPOL = Convenio Internacional para Prevenir la Contaminación por los Buques, 1973 con el Protocolo de 1978 (""Marpol"" = polución marina) ONU = Organización de las Naciones Unidas 16; del; O; Armonizado; propia; cliente; responsable; comprenda; hacer; producto; Globalmente; reparto; MARPOL; Personal; idoneidad; Inflamabilidad; OTORGA; cambiado; 2 ; Prevenir; exija; contrario; que; lector; IBC; octanol; por; cuanto; se; utilizarlo; todos; Aguda; Naciones; La; la; o; desde; otro; sobre; Productos; establecido; antes; las; es; Estados; Intermedio;  16.01 ; uso; y; OTROS; le; otros; este; determinar; Association; IATA; DE; NO; esta; Para; UN; NINGUNA; a; de; El; A; Granel",Los usuarios de los productos Axalta deben leer toda la información relevante del producto antes de ...
FDS 1 - Corlar 2.8 HG Epóxico Alto Brillo - Base Media_S16_003,FDS 1 - Corlar 2.8 HG Epóxico Alto Brillo - Base Media,16,Otra información,text,424,,,sistema; Este; copias; los; Identification; sustancias; en; casos; 704 pa; Todos; representada;  17; completa; National; salud; al; advertencia; Solo; clasificadas; HMIS; 1997; Manual; Equipment; pueden; riesgos; PPE; Quincy; Protection; todas; obtener; postura; su; personas; consulte; cual;  704-2001; clasificaciones; reservados; Systems; emergencia; productos; con; ser; of; NFPA; limitado; completo; usuario; cuales;  704 ; Copyright; cualquier; Axalta; capacitadas; para; persona; materiales; Fire; Emergency; lo; Protective; Nacional; personal; oficial; contra; determinado; sistemas; debidamente; referencia; no; el; aquellos;  2022 ; material; derechos; Equipo; Fecha; del; lineamientos; solamente; Response; bajo; hacer; como; Hazards; Personal;  49 ; reimpreso; regulatorio; utilicen;  325; the; que; por; se; Independientemente; Coating; 17; respuesta; interpretado; permiso; la; for; o; 2001; Reimpreso; riesgo; ante; reactividad; sobre; incendio; las; clasificar; es; tema; afiliadas; utilice;  02269 ; derivado; y; MA; aplicado; propio; sus; identificar; Association; hace; LLC; Para; Materials; a; Incendios; de; representados; cumplimiento; El; recomendadas,Para obtener más información sobre los códigos del Equipo de protección personal (Personal Protectiv...
FDS 1 - Corlar 2.8 HG Epóxico Alto Brillo - Base Media_S03_001,FDS 1 - Corlar 2.8 HG Epóxico Alto Brillo - Base Media,3,Tabla 1,table,108,914808-60-7,,"0; 7 ; 21330-20; ≤6.9;  25068-38; 767-64; 914808-60;  2; 914808-60-7; ButoxietanolXilenos; 2; 6111-76; ≤50; ≥10; Trimetilbenceno2; ≤25;  1; bisfenol; 695-63; A; 1100-41; 1; 
0; 4109-99; ≤8.5; ≤1.4; ≤3; ≥25; 7123-42; 613463-67; Nombredeingrediente; ≤0.3; 264742-95; 4","0: Nombredeingrediente | 1: NúmeroCAS | 2: Concentración
0: productodereacción:bisfenol-A-epiclorhid..."
FDS 1 - Corlar 2.8 HG Epóxico Alto Brillo - Base Media_S08_001,FDS 1 - Corlar 2.8 HG Epóxico Alto Brillo - Base Media,8,Tabla 1,table,245,,,"0; CALOSHAPEL; 2018; totaldustACGIHTLV; NIOSHREL; Ninguno; PEL1989(EstadosUnidos,3/1989); 2020; 50; 238; 25; EstadosUnidos; 2; Estado; 3; PolvototalCALOSHAPEL; 240; asTi;  1; Trimethylbenzene; 8; OSHAPEL1989; bisfenol; A; PolvototalOSHAPEL; 1; 
0; TLV(EstadosUnidos,1/2022); 2022; 10; OSHAPEL; Trimetilbenceno; 125; 5; Nombredeingrediente; respirablefractionTWA; 15; 2.5; PEL(EstadosUnidos,5/2018); 4; TWA; 1989","0: Nombredeingrediente | 1: Límitesdeexposición
0: productodereacción:bisfenol-A-epiclorhidrinaDióxi..."
FDS 1 - Corlar 2.8 HG Epóxico Alto Brillo - Base Media_S03_001,FDS 1 - Corlar 2.8 HG Epóxico Alto Brillo - Base Media,3,Tabla 1,table,9,,,"0; MedioResultado; 
0","0: MedioResultado
0: aguafríaSoluble"
FDS 1 - Corlar 2.8 HG Epóxico Alto Brillo - Base Media_S03_001,FDS 1 - Corlar 2.8 HG Epóxico Alto Brillo - Base Media,3,Tabla 1,table,193,,,"kg3492mg; 0; 2001; kg5000ppm4300mg; 917; 2520; 5800;  2; kg3500mg; 50; ButoxietanolXilenos; 2; 1650; ConejoRataConejoRataRataRataRataRataRataRataRataConejoRataConejoRataRataRata; 3492; Especies; kg18000mg; Resultado; Trimetilbenceno2; kg8400mg; kg5800mg;  1; 5000; 18000; l; 12.6; kg; 1; 21; l2001mg; 
0; 8400;  4; kg21mg; kg12; 3500;  13500; kg917mg; non; 5; kg1650mg; 2010; kg2520mg; Diacetonaalcoholnaftadisolvente; Dosis; kg2010mg;  3; 4300; 4; respirable; Nombredeproductooingrediente","0: Nombredeproductooingrediente | 1: Resultado | 2: Especies | 3: Dosis | 4: Exposición
0: Diacetona..."
FDS 1 - Corlar 2.8 HG Epóxico Alto Brillo - Base Media_S03_001,FDS 1 - Corlar 2.8 HG Epóxico Alto Brillo - Base Media,3,Tabla 1,table,241,,,"IrritantemoderadoOjos; 0; Irritanteleve; ConejoConejoConejoConejoConejoConejoConejoConejoConejoConejoRataConejoConejoHumanoConejoConejoConejoConejoConejoConejo; Ojos; IrritantefuertePiel;  2; 87; 20; ButoxietanolXilenos; 2; 100; 24; Especies; Resultado;  1; 8; epiclorhidrinaDiacetonaalcohol2; 500; bisfenol; IrritanteleveOjos;  100; 
0;  4; 60; 10; 5;  5; 395; 15; 100%; IrritantelevePiel;  3; A; IrritantefuerteOjos; 186300; IrritantemoderadoPiel; Nombredeproductooingrediente",0: Nombredeproductooingrediente | 1: Resultado | 2: Especies | 3: Puntuación | 4: Exposición | 5: Ob...
FDS 1 - Corlar 2.8 HG Epóxico Alto Brillo - Base Media_S03_001,FDS 1 - Corlar 2.8 HG Epóxico Alto Brillo - Base Media,3,Tabla 1,table,60,,,"0; 332; ButoxietanolXilenos; 2; IARC; 
0; OSHA; 1 ; NTP;  3; non;  2;  1; respirable; Nombredeproductooingrediente","0: Nombredeproductooingrediente | 1: OSHA | 2: IARC | 3: NTP
0: Dióxidodetitanio2-ButoxietanolXileno..."
FDS 1 - Corlar 2.8 HG Epóxico Alto Brillo - Base Media_S03_001,FDS 1 - Corlar 2.8 HG Epóxico Alto Brillo - Base Media,3,Tabla 1,table,121,,,"0; 2; Diacetonaalcoholnaftadisolvente; 3; 1; 
0; Nombre;  3; TrimetilbencenoXilenos; 4;  2;  1; 3 ","0: Nombre | 1: Categoría | 2: Rutadeexposición | 3: Órganosvitales
0: Diacetonaalcoholnaftadisolvent..."
FDS 1 - Corlar 2.8 HG Epóxico Alto Brillo - Base Media_S03_001,FDS 1 - Corlar 2.8 HG Epóxico Alto Brillo - Base Media,3,Tabla 1,table,38,,,"0; 2; Etilbencenocrystallinesilica; 
0; 1 ; Nombre;  3; non;  2;  1; respirable","0: Nombre | 1: Categoría | 2: Rutadeexposición | 3: Órganosvitales
0: Etilbencenocrystallinesilica,n..."
FDS 1 - Corlar 2.8 HG Epóxico Alto Brillo - Base Media_S08_001,FDS 1 - Corlar 2.8 HG Epóxico Alto Brillo - Base Media,8,Tabla 1,table,65,,,"0; naftadisolvente; 2; 1; 
0; Nombre; Resultado; TrimetilbencenoXilenos; 4; PELIGROPORASPIRACIÓN-Categoría1PELIGROPORASPIRACIÓN-Categoría1PELIGROPORASPIRACIÓN-Categoría1PELIGROPORASPIRACIÓN-Categoría1;  1","0: Nombre | 1: Resultado
0: naftadisolvente(petróleo),fracciónaromáticaligera1,2,4-TrimetilbencenoXi..."
FDS 1 - Corlar 2.8 HG Epóxico Alto Brillo - Base Media_S11_001,FDS 1 - Corlar 2.8 HG Epóxico Alto Brillo - Base Media,11,Tabla 1,table,40,,,"ValorETA; vapores; Ruta; 0; 385.45; gases; kg436959; 22587.97; 
0;  20249.86; kg22587; 436959.37; l;  1","0: Ruta | 1: ValorETA(estimacióndetoxicidadagudasegúnGHS)
0: OralCutáneaInhalación(gases)Inhalación(..."
FDS 1 - Corlar 2.8 HG Epóxico Alto Brillo - Base Media_S14_001,FDS 1 - Corlar 2.8 HG Epóxico Alto Brillo - Base Media,14,Tabla 1,table,130,,,"Riesgosambientales; 0; peligrosaparaelambientenoesobligatoria;  2; III; 1263
;  1; Clase; 1; Lamarcadesubstanciapeligrosaparaelambientenoesobligatoria; 
0;  4; No; IATA; s; Grupodeembalaje; relativasaltransporte;  5;  3
;  3 ; IMDG; PINTURA; 1263 ;  3; UN1263","1: ClasificaciónDOT | 2: ClasificaciónparaelTDG | 3: ClasificacióndeMéxico | 4: IMDG | 5: IATA
0: Nú..."
FDS 1 - Corlar 2.8 HG Epóxico Alto Brillo - Base Media_S03_001,FDS 1 - Corlar 2.8 HG Epóxico Alto Brillo - Base Media,3,Tabla 1,table,91,7100-41-4,,"0; 21330-20; 7100-41-4; Requisitosdeinformes; 4 ;  2; ButoxietanolXilenos; 2; 6111-76; Nombredelproducto; FormularioR; Trimetilbenceno2; 7100-41;  1; ≤0.3
; 1; 
0; ≤1.4; ≤3; ≤0.3;  3; 4;  95-63","1: Nombredelproducto | 2: NúmeroCAS | 3: %
0: FormularioR-Requisitosdeinformes | 1: 1,2,4-Trimetilbe..."
FDS 1 - Corlar 2.8 HG Epóxico Alto Brillo - Base Media_S03_001,FDS 1 - Corlar 2.8 HG Epóxico Alto Brillo - Base Media,3,Tabla 1,table,12,,,"0;  0; 
0; Salud;  2","0: 2*Salud
0: 2Inflamabilidad
0: 0Riesgosfísicos"
FDS 25 - 401 Pintura Texturizada1_S01_001,FDS 25 - 401 Pintura Texturizada1,1,Identificación del producto y la empresa,text,198,,,sika; Nombre; pertinentes; Norte;  1.4 ; 401 ; Sika; identificados; Distribuidor;  100000029129 ;  9191919 ; proveedor; Cundinamarca; desaconsejados;  01 ; com; Uso; texturizados; emergencia; col; Datos; impermeable; Vereda; En; empresa1; co; seguridad; para; 916012; Autopista; 8000 ;  878 ;  6333 ; 571; usos;  6666 ; caso; email; exterior; lab; SikaWall; del;  1.3 ; responsable; Colombia; Canavita; producto; Resto; sustancia;  2886012 ; 1 ; la; o; Fax; Recubrimiento; 1.2 ; km; mezcla; Fabricante; acabados;  20.5 ; uso; interior; y; Usos; CISPROQUIM; Texturizada; S; FDS; ficha; sociedad; Pintura; esta; controlcalidad; de; datos; A,de la sustancia o la mezcla y de la sociedad o la empresa1 Identificación del producto Nombre del pr...
FDS 25 - 401 Pintura Texturizada1_S02_001,FDS 25 - 401 Pintura Texturizada1,2,Identificación de peligros,text,251,,H373; H412; P501; P314; P260; P273,gas; niebla; etiqueta; los; Eliminar; en; Nocivo; 501 ; prolongadas; conducen; agudo; 2; 401 ; una; encuentra; Peligro; H412; MSDS; Ninguna; No; peligros; P260; Toxicidad; Peligro a corto plazo (agudo) para el medio ambiente acuático: Categoría 3 2; peligros que no: Ninguna conocida conducen a una clasificación; peligro: Indicaciones de peligro: Atención Indicaciones de peligro: H373 Puede provocar daños en los órganos (Pulmones) tras exposiciones prolongadas o repetidas si se inhala; Pictogramas; con; duraderos; 260 ; corto; efectos; para; persona; conocida; Exposiciones; Otros; exposiciones; Indicaciones; mal; 2.2 ; aprobada; inhala; 412 ; SGA; contenido; prudencia; humo; no; el; organismos; H373; SikaWall; P273; Fecha; aerosol;  1649 ; nocivos; blanco; residuos; dispersar; Puede; 8 ; un; P501; Pulmones; que; provocar;  3 ; recipiente; se; sustancia; 1 ; la; repetidas; o; 373 ; respirar; Consejos; mezcla; ambiente; Consultar; planta; peligro; 314 ; plazo; si;  2 ; P314; polvo; Texturizada; Elementos; medio; Pintura; vapores; tras; a; de; 273 ,1 Clasificación de la sustancia o de la mezcla Clasificación SGA Toxicidad sistémica específica de ó...
FDS 25 - 401 Pintura Texturizada1_S03_001,FDS 25 - 401 Pintura Texturizada1,3,Composición/información sobre los ingredientes,text,194,55965-84-9; 330-54-1; 107-21-1; 26530-20-1,,Yeso;  0; los; agregados; Nombre; en;  330-54; deban; Diuron; ona; 2;  55965-84; salud; isotiazol; laboral; componentes; mPmB; No; asignado; sea; proveedor; w; 025% - 0; hay; titanio; adicional; 1%; ser; 55965-84-9; presente; 5% - 10%; Etanodiol; para; 26530-20-1; concentraciones; lo;  5; Identificadores;  1% - 5%; tenga; el; 9 ;  134667-7 ;  107-21; Sustancia; reportados; del; tanto; OIT; octil; bajo; como; preparado; producto; Familia; ingrediente; 025%; compuestos; 107-21-1; un; conocimiento;  26530-20; cloro; que; por; CAS; clasificado; 1 ; 330-54-1; aplicables; la; o; metil; riesgo; Calcio; sobre; las; ambiente; aditivos; 3; y; PBT; Mezcla; medio; esta; actual; de,/información sobre los componentes Sustancia/preparado: Mezcla Familia química/: Mezcla de compuesto...
FDS 25 - 401 Pintura Texturizada1_S04_001,FDS 25 - 401 Pintura Texturizada1,4,Primeros auxilios,text,238,,,requieran; zapatos; inmediatamente; significativos; los; beber; Eliminar; auxilios; ni; primeros; Lavar; nada; administrarse; 401 ; retardados; salud; una; Por; leche; piel; MSDS; conocen; No; Si; riesgos; inconsciente; obtener; Nunca; especialista; con; boca; agua; En; consultar; medidas; efectos; persona; para; debe; ojos; caso; Notas; no; el; inhalado; SikaWall; lentillas; mientras; Fecha;  1649 ; Recomendaciones; Trasladarse; ojo; 8 ; contaminados; un; abierto; lava; que; ropa; Sin; por; agudos; espacio; Retirar; se; 1 ; Principales; la; lavando; dar; o; Ver; sobre; las; es; abundante; bebidas; 3; y; persiste; Texturizada; especiales; bien; Pintura; Tratar; a; generales; de; detallada; mucha; contacto,1 Descripción de los primeros auxilios Recomendaciones generales: Sin riesgos que requieran medidas ...
FDS 25 - 401 Pintura Texturizada1_S05_001,FDS 25 - 401 Pintura Texturizada1,5,Medidas de lucha contra incendios,text,107,,, 5.2 ; circundante; o; productos; aplica; conoce; Productos; Usar; incendio; mezcla; derivados; Punto; agente; Medios; Apropiados; s1; aplicable; para; Peligros; adecuado; un; conocen; No; peligrosos; Peligros específicos derivados de la sustancia o la mezcla Peligros derivados de la No aplicable; se; de; ninguno; sustancia; peligrosos:; 1 ; no; el; la,s1 Medios de extinción Punto de inflamación: No aplica. Medios de extinción Usar un agente de extinc...
FDS 25 - 401 Pintura Texturizada1_S06_001,FDS 25 - 401 Pintura Texturizada1,6,Medidas en caso de liberación accidental,text,275,,,aparato; sistema; aire; los; en; alrededores; ha; pertinentes; realizar; relativas; al; Precauciones; cerrados; caminar; equipo; No; sea; alcantarillas; personales; limpieza; autoridades; su; individual; originar; emergencia; con; causado; da; fluviales; tocar; accidental1; para;  6.2 ; adecuada; debe; procedimientos; suponga; personal; Llevar; no; el; contenedores; material; sin; ninguna; del; permitir; Recoger; Proporcionar; acceso; apropiado; producto; medioambiental; adecuado; inadecuado; suelo; neblina; un; derramado; Evacuar; forma; que; se; 1 ; vapor; la; o; riesgo; Informar; innecesario; sobre; respirar; las; adecua; parte; servicios; ambiente; ventilación; y;  6.3 ; si; polvo; puesto; apropiados; Evitar; cuando; medio; Para; preparar; a; Guardar; de; contacto,"accidental1 Precauciones personales, equipo de protección y procedimientos de emergencia Para el per..."
FDS 25 - 401 Pintura Texturizada1_S07_001,FDS 25 - 401 Pintura Texturizada1,7,Manejo y almacenamiento,text,213,,,etiqueta; los; beber; sobrepasar; segura; en; ni; dados; Almacenar; 401 ; una; Precauciones; envase; piel; MSDS; No; Debe; ver; individual; durante; productos; Cuando; fumar; con; manejen; comer; ventilado; medidas; para; lugares; acuerdo; adecuada; Indicaciones; ojos; siga; contra; almacenaje; no; el; aquellos; SikaWall; indicaciones; Equipo; lugar; Fecha; Condiciones; trabajo; Observar;  1649 ; disponer; profesional; 8 ; un; forma; que; ropa; local; recipiente; se; 1 ; almacenamiento1; la; o;  8; original; incendio; las; Consejos; higiene; y; polvo; Texturizada; seguro; Evitar; bien; Pintura; de; 4; contacto,y almacenamiento1 Precauciones para una manipulación segura Indicaciones para la protección Evitar l...
FDS 25 - 401 Pintura Texturizada1_S08_001,FDS 25 - 401 Pintura Texturizada1,8,Controles de exposición/protección personal,text,504,13463-67-7; 107-21-1,,"gas; contiene; cantidad; los; beber; descansos; aprobados; Tipo; ni; en; 50 ; sustancias; peligrosas, y el lugar específico de trabajo Protección respiratoria: Utilizar protección respiratoria a menos que exista una ventilación de escape adecuada o a menos que la evaluación de la exposición indique que el nivel de exposición está dentro de las pautas recomendadas La clase de filtro para el respirador debe ser adecuada para la concentración máxima prevista del contaminante (gas/vapor/aerosol/particulados) que puede presentarse al manejar el producto; menos; peligrosas; jornada; 10 ; 13463-67-7; una; al; control; dentro; impermeables; laboral; deben; piel; inhalable; No; adecuadas; cuerpo; respetar; necesario; aumentar; Cara; su; individual; nivel; durante; trabajadores; titanio; productos; puede; Forma; fumar; con; manejen; ser; permisible; Vapor; utilizado; comer; habituales; prevista; Guantes; medidas; para; seguridad; significativa; adecuada; presentarse; debe; ppm;  13463-67; Elegir; particulados; pudieran; ocular; contaminante; ojos; 3 ; 107-21; usos; indique; respiratoria; indica; el; cumplan; indicaciones; corporal; Equipo; lugar; del; Componentes; trabajo; aerosol; consejos; basada; utilizados;  25 ; producto; 107-21-1; Puede; clase; u;  10 ; tomar; que; manejar; filtro; CAS; mg; se; 1 ; respirador; manos; vapor; TWA; La; la; manera; granel; Medidas; 7 ; o; etanodiol; riesgo; precauciones; recogida; las; higiene; antes; Utilizar; es; exista; ambiente; escape; valor; ventilación; y; sus; Manipular; guantes; m3; terminar; industrial; otros; STEL; pautas; resistentes; cuando; anticipados; medio; Base; esta; ACGIH; proporciona; cumpla; a; generales; de; adicionales; e; recomendadas",/protección individual La información recogida en esta sección contiene consejos e indicaciones gene...
FDS 25 - 401 Pintura Texturizada1_S08_002,FDS 25 - 401 Pintura Texturizada1,8,Controles de exposición/protección personal,text,67,,,aparato; gas; puede; del; ser; aerosol; prevista; producto; al; para; presentarse; adecuada; utilizar; debe; particulados; clase; un; contaminante; Si; esta; que; manejar; filtro; excede; se; de; respiratorio; respirador; vapor; el; La; la,La clase de filtro para el respirador debe ser adecuada para la concentración máxima prevista del co...
FDS 25 - 401 Pintura Texturizada1_S09_001,FDS 25 - 401 Pintura Texturizada1,9,Propiedades físicas y químicas,text,281,,,Blanco; gas; C; SikaWall; adicional; o; inferior; Aspecto; intervalo; Color;  9.2 ; Fecha; noctanol; inicial; explosividad; sobre; agua;  1649 ; Densidad; cm3; Tasa; es; Punto; e;  1 ; Estado; temperatura; 401 ; Propiedades; producto; reparto; aplicable; y; Velocidad; Coeficiente; g; Inflamabilidad;  1.2 ; Temperatura; presión; Texturizada; superior; 8 ; punto; propiedades; Olor;  0.03 ; MSDS; Ninguna; No; Solubilidad; Tiempo; Pintura; 3 ; Umbral; 5; 20 ; relativa; disponible; viscoso; pH; comburentes; explosivas; soluble; de; 20 °C; aparente; olfativo; 1 ; El; inflamabilidad; vapor; no; Viscosidad; 9 ;  7,y químicas1 Información sobre propiedades físicas y químicas básicas Aspecto Estado físico: Líquido ...
FDS 25 - 401 Pintura Texturizada1_S10_001,FDS 25 - 401 Pintura Texturizada1,10,Estabilidad y reactividad,text,139,,,o; estable; la; productos; Condiciones; reactividad;  10.5 ; Productos; sobre; En; disponibles; peligrosas; es; incompatibles; normales; Posibilidad; producto; uso; Reactividad; Estabilidad; y;  10.3 ; sus; peligrosos: descomposición peligrosos; deben; producen; este; componentes; evitarse; peligrosas: 10; dato; No; formar; peligrosos; que;  10.2 ; condiciones; reacciones; almacenamiento; se; de; hay; Materiales; ensayo; 1 ; datos; El; no;  10.4 ;  10.6 ,1 Reactividad: No hay datos de ensayo disponibles sobre la reactividad de este producto o sus compon...
FDS 25 - 401 Pintura Texturizada1_S11_001,FDS 25 - 401 Pintura Texturizada1,11,Información toxicológica,text,38,,,SikaWall; los; Fecha; sobre; disponibles;  1649 ; 401 ; aguda; efectos; 8; 6; Texturizada; MSDS; Pintura; Sin; Toxicidad; de; 1 ; datos; no,1 Información sobre los efectos toxicológicos Toxicidad aguda Sin datos disponibles SikaWall®-401 Pi...
FDS 25 - 401 Pintura Texturizada1_S12_001,FDS 25 - 401 Pintura Texturizada1,12,Información ecológica,text,217,,,C;  100 ; metil; MIT; Movilidad; 7; significativos; o; 12.2 ; IT; adversos; Componentes; resumen; en; agua;  2;  220-239; OIT; octil; KOC; Factor; tierra;  1 ; Persistencia; ona; 2; degradabilidad;  12.4 ; 3; aplicable; aguda; ISO; y; Coeficiente; efectos; isotiazol; 6; suelo;  12.6 ; 1; PBT; Mezcla; mPmB; Otros; conocen; No; MOVILIDAD;  10 ; Resultados; riesgos; Potencial; cloro; M; disponible;  5; EC; Toxicidad;  12.5 ; se; de; 1 ;  247-500;  12.3 ; no; el; la,1 Toxicidad Componentes: Diurón (ISO): Factor-M (Toxicidad acuática aguda): 10 Factor-M (Toxicidad a...
FDS 25 - 401 Pintura Texturizada1_S13_001,FDS 25 - 401 Pintura Texturizada1,13,Consideraciones de eliminación,text,246,,,Enterrar; los; embalajes; menos; 401 ; deben; locales; MSDS; endurecido; pueden; sea; todas; autoridades; tratar; contratista; su; Los; productos; puede; con; ser; Desechar; agua; totalmente; contenida; posible; cualquier; eliminados; cumplir; desechos; Producto; para; Empaquetado; misma; no; el; SikaWall; sin; 7; Fecha; del; hidratar; limpiados;  1649 ; como; producto; residuos; alcantarilla; tratamiento; 8; reciclables; un; sobrantes; forma; por; que; destinarse; autorizado; se; sustancia; todos; reciclaje; 1 ; minimizar; La; la; o; Envases; sean; las; compatibles; ambiente; derivado; y; sus; escombro; Texturizada; siempre; desechar; este; Evitar; cuando; medio; Pintura; requisitos; tirar; soluciones; a; de; El,1 Métodos para el tratamiento de residuos Producto Métodos de eliminación: Evitar o minimizar la gen...
FDS 25 - 401 Pintura Texturizada1_S14_001,FDS 25 - 401 Pintura Texturizada1,14,Información sobre transporte,text,99,,,granel; adicional; regulado; el; Unidas; ADR; con; del; ADN; peligro para el transporte - - - 14; las; 78 ; Convenio; embalaje; ambiente; transporte;  14.7 ; peligro;  14.5 ; al; y; RID; para; Peligros;  14.4 ; ONU;  14.6 ; anexo; Clase; No;  73; s; medio; IATA1; arreglo; Marpol; IBC; disponible; oficial; IMDG;  14.3 ; a; de;  14.2 ; II; 1 ; Transporte; Naciones; Grupo; Peligros para el medio ambiente No No No 14,ADR/RID-ADN IMDG IATA1 Número ONU No regulado. No regulado. No regulado. 14.2 Designación oficial de...
FDS 25 - 401 Pintura Texturizada1_S15_001,FDS 25 - 401 Pintura Texturizada1,15,Información reglamentaria,text,281,,,listado; los; sustancias; en; Ninguno; preocupantes; nacional; peligrosas; materia; salud; altamente;  1993; Por; componentes; NTC; peligrosas clase 9; Sustancias; No;  9;  3972; w; etiquetado; almacenamiento; varias; hay; cual;  15.2 ; 1996;  2002 ;  5500 ;  1609 ; Convenio; Anexo; Seguridad; transporte; julio; ISO; seguridad; para;  177 ; 2006 ; Clase;  1907; CE; Ley;  170 ; Requisitos; sujetas; el; Transporte; carga; VOC; REACH; del; 1998; disponibles; XIV;  1692; Lista; clase; UE; rotulado; por; automotor; se; sustancia; 1 ; Reglamento; reglamenta; la; o; Trabajo; peligrosas por carretera; Norma; sobre; Productos; mezcla; EU; ambiente; Contenido; COV; y;  2 ; carretera;  0%; peligrosas varias; manejo; terrestre; medio; Decreto; a; generales; de; datos;  55 ,"1 Reglamentación y legislación en materia de seguridad, salud y medio ambiente específicos para la s..."
FDS 25 - 401 Pintura Texturizada1_S16_001,FDS 25 - 401 Pintura Texturizada1,16,Otra información,text,200,,,efecto; en; ha; anterior; 401 ; momento; al; nuestro; Peligro; Por; MSDS; No; todas; Indica; Toxicidad; CLP; su; condiciones; consulte; procesamiento; nivel; ETA; Etiquetado; Datos; Prevista; Aviso; Efecto; contenida; 2008; Registro; DNEL; Producto; Abreviaturas; seguridad; CE; favor; PNEC; corresponde; no; el; SikaWall; excluidas; sin; REACH; Fecha; del; vigor;  1649 ; EUH; 8; cambiado; 8 ; conocimiento; que; lector; Sin; Aguda; Reglamento; Quedan; La; la; desde; sobre; RRN; las; antes; Se; Hoja; nuestras; uso; derivado; y; Nivel; Texturizada; Envasado; ficha; Peligro específica del CLP PNEC = Concentración Prevista Sin Efecto SikaWall®-401 Pintura Texturizada Fecha de emisión: MSDS no; Pintura; esta; a;  1272; generales; de; venta; datos,Indica la información que ha cambiado desde la edición de la versión anterior. Abreviaturas y acróni...
FDS 25 - 401 Pintura Texturizada1_S03_001,FDS 25 - 401 Pintura Texturizada1,3,Tabla 1,table,75,55965-84-9; 330-54-1,,"0;  10005%-10%; 025%-0; metil; 7; 1%; NombredelproductooingredienteIdentificadores; OIT; octil; 55965-84-9; 330-54; ona; 2; 3; 55965-84; 025%;  1; isotiazol; 26530-20; 1; 
0; 13463-67; 5; 107-21; cloro; w; CAS; 5%; onaCAS; 330-54-1; 9 ","0: NombredelproductooingredienteIdentificadores | 1: Concentración(%w/w)
0: ED2MDióxidodetitanioCAS:..."
FDS 25 - 401 Pintura Texturizada1_S03_001,FDS 25 - 401 Pintura Texturizada1,3,Tabla 1,table,78,707-21-1,,"0; 30; m350ppm25ppm; Componentes; Vapor; aerosol;  2; 25; TEL; 707-21-1; 707-21; 350;  1; AACGIHCGIH; STEL;  113463-67; 
0;  4; No; Base; Tipodevalor; STWA; CAS;  110; 1 ;  3; m30mg; TWA",0: Componentes | 1: No.CAS | 2: Tipodevalor(Formadeexposición) | 3: Parámetrosdecontrol/Concentració...
FDS 25 - 401 Pintura Texturizada1_S14_001,FDS 25 - 401 Pintura Texturizada1,14,Tabla 1,table,104,,," 14.1; 0;  14.5; ADR; 
1; ADN; Peligrosparaelmedioambiente | 1: No | 2: No | 3: No
0: 14;  2;  14.2; Noregulado;  14.3; RID;  1; 
0; No; IATA;  14.4; s; depeligroparaeltransporte; IMDG; peligroparaeltransporte | 1: - | 2: - | 3: -
0: 14;  3; 14;  14.6","0: SECCIÓN14:Informaciónrelativaaltransporte
1: ADR/RID-ADN | 2: IMDG | 3: IATA
0: 14.1NúmeroONU | 1..."
FDS 38 -impra_S01_001,FDS 38 -impra,1,Identificación del producto y la empresa,text,302,,,sistema; LA; pero;  0; los; Nit; Nombre; INFORMACION; absorban; produzcan; INFLAMABLE; Y; 2; INGREDIENTES; Reactividad; PERSONAL; FABRICANTE; QUIMICA; piel; baja; pueden;  2018 ; Solvente; Mareo; Los; grave; cual;  0 ; DEL; PELIGRO;  25%; 44 ; nervioso; Empresa; grado; puede; causar; con; ser;  38%; pecho; RIESGOS; Producto; Salud; SOBRE; base; Clase; pulmones; Octubre; ojos; Resina; 49 ; tienen; nieblas; no; fatal; cabeza; material; Inconsciencia; Irritante; Fecha; TECNIDECOR; del; IDENTIFICACION; Enrojecimiento; bajo;  1 ; produce; LASSUR;  900112215-2 ; SUBSTANCIA; producto; producir;  30%; PELIGRO FÍSICO 0 PROTECCIÓN PERSONAL; somnolencia; Inflamabilidad; irritante; Puede; dolor; que;  3 ; COMPOSICION; Dermatitis; tos; hidrocarburos; seca;  3; Produce; La; la; toxicidad; IMPRA; Contacto; inflamable;  1268 ; Pbx; las; Extenders; Aditivos; y;  444 ; severos; sus;  049 ; neumonitis; S; tejidos; Mezcla; subsecuentemente; DE; Causa; Cantidades; SALUD; 3-0 ; vapores; UN; a; de;  7%; solvente; A; Garganta,DEL FABRICANTE Y DE LA SUBSTANCIA QUIMICA Empresa: TECNIDECOR S.A.S Nit: 900112215-2 Pbx: 444 49 44 ...
FDS 38 -impra_S02_001,FDS 38 -impra,2,Identificación de peligros,text,462,,,"sistema; LA; pero; etiqueta; inmediatamente;  0; los; Nit; Nombre; en; INFORMACION; lave; absorban; produzcan; INFLAMABLE; Y; 2; salpicadura; INGREDIENTES; Reactividad; al; una; PERSONAL; FABRICANTE; identifica; PELIGRO FÍSICO 0 PROTECCIÓN PERSONAL
En caso de salpicadura del producto en los ojos, aplique agua corriente durante 15 minutos, no aplique agua a presión, solo deje que fluya en el ojo; zona; QUIMICA; minutos; piel; baja; pueden;  2018 ; Si; Solvente; Mareo; induzca; Los; grave; consulte; cual; manipular; impregnada;  0 ; durante; DEL; PELIGRO;  25%; 44 ; fluya; nervioso; Empresa; SEGURIDAD; grado; puede; causar; con; 0 ; ser;  38%; agua; En; pecho; RIESGOS; Producto; Salud; presión; SOBRE; base; Clase; administre; pulmones; Octubre; ojos; Resina; caso; lleve; 49 ; tienen; nieblas; presenta; no; fatal; el; tenga; aplique; cabeza; material; Inconsciencia; ninguna; Irritante; Fecha; TECNIDECOR; del; IDENTIFICACION; Enrojecimiento; bajo; deje;  1 ; produce; ventilada; LASSUR;  15 ;  900112215-2 ; SUBSTANCIA; producto; ojo; producir;  30%; somnolencia; Inflamabilidad; ingerido; irritante; Puede; 1; dolor; solo; donde; que; ropa;  3 ; COMPOSICION; Dermatitis; se; tos; Luego; sustancia; hidrocarburos; seca;  3; Produce; La; la; toxicidad; IMPRA; Contacto; inflamable;  1268 ; Pbx; las; Extenders; abundante; Aditivos; y;  444 ; severos; sus;  049 ; neumonitis; S; tejidos; Mezcla; subsecuentemente; HOJA; DE; Causa; Cantidades; SALUD; 3-0 ; vapores; UN; corriente; a; salga; de;  7%; solvente; malestar; A; Garganta; contacto",DEL FABRICANTE Y DE LA SUBSTANCIA QUIMICA Empresa: TECNIDECOR S.A.S Nit: 900112215-2 Pbx: 444 49 44 ...
FDS 38 -impra_S03_001,FDS 38 -impra,3,Composición/información sobre los ingredientes,text,462,,,"sistema; LA; pero; etiqueta; inmediatamente;  0; los; Nit; Nombre; en; INFORMACION; lave; absorban; produzcan; INFLAMABLE; Y; 2; salpicadura; INGREDIENTES; Reactividad; al; una; PERSONAL; FABRICANTE; identifica; PELIGRO FÍSICO 0 PROTECCIÓN PERSONAL
En caso de salpicadura del producto en los ojos, aplique agua corriente durante 15 minutos, no aplique agua a presión, solo deje que fluya en el ojo; zona; QUIMICA; minutos; piel; baja; pueden;  2018 ; Si; Solvente; Mareo; induzca; Los; grave; consulte; cual; manipular; impregnada;  0 ; durante; DEL; PELIGRO;  25%; 44 ; fluya; nervioso; Empresa; SEGURIDAD; grado; puede; causar; con; 0 ; ser;  38%; agua; En; pecho; RIESGOS; Producto; Salud; presión; SOBRE; base; Clase; administre; pulmones; Octubre; ojos; Resina; caso; lleve; 49 ; tienen; nieblas; presenta; no; fatal; el; tenga; aplique; cabeza; material; Inconsciencia; ninguna; Irritante; Fecha; TECNIDECOR; del; IDENTIFICACION; Enrojecimiento; bajo; deje;  1 ; produce; ventilada; LASSUR;  15 ;  900112215-2 ; SUBSTANCIA; producto; ojo; producir;  30%; somnolencia; Inflamabilidad; ingerido; irritante; Puede; 1; dolor; solo; donde; que; ropa;  3 ; COMPOSICION; Dermatitis; se; tos; Luego; sustancia; hidrocarburos; seca;  3; Produce; La; la; toxicidad; IMPRA; Contacto; inflamable;  1268 ; Pbx; las; Extenders; abundante; Aditivos; y;  444 ; severos; sus;  049 ; neumonitis; S; tejidos; Mezcla; subsecuentemente; HOJA; DE; Causa; Cantidades; SALUD; 3-0 ; vapores; UN; corriente; a; salga; de;  7%; solvente; malestar; A; Garganta; contacto",DEL FABRICANTE Y DE LA SUBSTANCIA QUIMICA Empresa: TECNIDECOR S.A.S Nit: 900112215-2 Pbx: 444 49 44 ...
FDS 38 -impra_S04_001,FDS 38 -impra,4,Primeros auxilios,text,159,,,aplique; fluya; inmediatamente; etiqueta; los; ninguna; SEGURIDAD; durante; IMPRA; con; 0 ; del; en; lave; agua; En; deje; abundante; ventilada;  15 ; salpicadura; producto; una; ojo; al; y; identifica; ingerido;  049 ; presión; zona; minutos; administre; piel; impregnada; 1; HOJA; ojos; Si; DE; solo; donde; que; ropa; lleve;  3 ; caso; induzca; corriente; salga; a; se; Luego; de; sustancia; consulte; manipular; no; malestar; tenga; el; presenta; contacto; la,"En caso de salpicadura del producto en los ojos, aplique agua corriente durante 15 minutos, no apliq..."
FDS 38 -impra_S05_001,FDS 38 -impra,5,Medidas de lucha contra incendios,text,268,,,Sus; C; niebla; aire; los; seco; emplear; segura; en; menos; origen; temperatura; una;  43 ; Por; equipo; pueden; Si; Lel; respiradores; adecuados; su; Los;  210- 280 ; inefectiva; puede; 43°C; con; ser; agua; espuma; posible; fuego; Medios; combate; para;  0.6 ; sensible; debe; volumen; oxidantes; denso;  8.0 ; esparcir; fuertes; personal; inflamabilidad; el; contenedores; combatir; Punto; producto; retornar; producir; Polvo; combustible; Temperatura; inflamables; viajan; flujo; explosiva; forma; extremadamente; por; que; refrigerados; se; Es; soportado; auto; Limites; vapor; la; o; carbono; explotar; desde; encima; Productos; incendio; las; mezcla; es; cerrar; Instrucciones; y; hasta; calientan; llamas; Uel; S; Dependiendo; cuando; Humos; esta;  43; Incendio; vapores; a; distancia; de; Mantenga; envueltos; El; fuente; descargas; contacto,S  Incendio: Punto de inflamación (ºC): 43 Temperatura de autoignición (ºC): 210- 280 (Dependiendo ...
FDS 38 -impra_S06_001,FDS 38 -impra,6,Medidas en caso de liberación accidental,text,196,,,o; material; los; entrada; Evacue; Eliminar; seco; con; del; fuga; ni; inerte; Ventilar; Riesgo; Absorba; herramientas; agua; Recoja; las; use; es; posible; produzcan; tierra; desprendidos; acceso; como; peligro; producto; residuos; y; controle; usen; para; Use; adecuadamente; materiales; Contenga; zona; chispas; fuentes; Restringir; derrame; un; arena; equipo; Evite; No; Si; combustibles; todas; Identifique; vapores; que; ropa; similar; ES; a; alcantarillados; de; personas; Equiparse; vermiculita; fuente; no; el; Disponga; contacto; la,ES  Identifique el producto  Evite el contacto con el producto y la inhalación de los vapores desp...
FDS 38 -impra_S07_001,FDS 38 -impra,7,Manejo y almacenamiento,text,236,,,etiqueta; los; metales; ni; en; empacado; Almacenar; Y; incompatibles; realizan; Mantener; alejado; cerrados; recipientes; deben; corta; equipo; No; sea; normas; ALMACENAJE; almacenamiento; Lejos; Los; evitar; estrictas; puede; productos; acero; fumar; Lugares; con; ser; Usar; comer; aluminio; tierra; Rotular; Manejo; calor; menores; posibles; para; adecuadamente; materiales; enlazados; realice; mantenerlos; ventilados; secos; personal; instrucciones; retirado; Manejar; usar; no; el; corrosiva; puestos; sitio; trabajo; actividad; producto; tiene; transferencias; chispas; fuentes; inflamables; que; se; Empaque; cantidades; la; o; Conocer; Separado; sobre; Leer; las; higiene; antes; frescos; y; emergencias; siempre; bien; cuando; a; de; Almacenamiento; e,Y ALMACENAJE  Empaque: No tiene acción corrosiva sobre los metales y puede ser empacado en acero o ...
FDS 38 -impra_S08_001,FDS 38 -impra,8,Controles de exposición/protección personal,text,188,,,SCBA; aire; emergencia; o; duchas; los; Equipo; SEGURIDAD; IMPRA; con; 0 ; del; mantenga; en; Respirador; ocupacional; las; posible; proceso; apropiado; lavaojos; botas; asegurar; Guantes; control; ventilación; y; PERSONAL; seguridad; para; Suministrar; reemplazo; guantes; rostro;  049 ; estaciones; Disponer; Gafas; piel; baja; resistencia; 1; general; Controles; largos; lo; HOJA; ojos; DE; TOTAL; vapores; ropa; filtro; local; que;  3 ; caso; PROTECCION; a; se; condiciones; de; respiratoria; hidrocarburos; removido; exceda; Garantizar; respirador; suplir; continuamente; no; el; caucho; la,", PROTECCION PERSONAL  Protección de los ojos y rostro: Gafas de seguridad para químicos.  Protecc..."
FDS 38 -impra_S09_001,FDS 38 -impra,9,Propiedades físicas y químicas,text,65,,,C;  4.8 ; Aspecto;  7.0 ; del; en;  120-180; agua; Densidad; Gravedad; Punto; Y; 30°C; mm; 20°C; Insoluble;  30; Agua; presión; Olor; 1; Hg; Solubilidad; Liquido;  20; Aire; relativa; 40 ; QUIMICAS; de; vapor;  0.7,Y QUIMICAS. Aspecto: Liquido Olor: Característico. Gravedad Específica (Agua=1): 0.7/ 20°C Punto de ...
FDS 38 -impra_S10_001,FDS 38 -impra,10,Estabilidad y reactividad,text,128,,,"o; carbono; evitar; puede; con; Condiciones; sustancias; peligrosa: Monóxido y dióxido de carbono entre otros compuestos, se generan durante la exposición al calor o altas temperaturas; Productos; Materias; altas; bajo; inestabilidad; incompatibles; normales; como; concentrado; Incompatibilidades; llama; Estabilidad; calor; y; al; Agua; compuestos; materiales; chispas; entre; fuentes; otros; oxidantes; contribuir; generan; Estable; directa; cloro; agentes; condiciones; a; se; de; Materiales; peligrosa; El; el; durante; temperaturas; la",Estabilidad química: Estable bajo condiciones normales. El calor puede contribuir a la inestabilidad...
FDS 38 -impra_S11_001,FDS 38 -impra,11,Información toxicológica,text,62,,,Conejo; Irritante; Contacto; 50 ; Vapor; Test; Piel; Especies;  4951 ; Rata; m3; irritante; LC50; kg; ocular;  4; Oral; No; 3 ; LD50; mg;  5000 ; de,. Test: LC50 - Vía: Vapor de inhalación - Especies: Rata > 4951 mg/m3 - Duración: 4h Test: LD50 - Ví...
FDS 38 -impra_S12_001,FDS 38 -impra,12,Información ecológica,text,256,,,"Durabilidad; LA; los; en; insectos; De; cerca; tiempo; alejado; ejemplo; sopletes; locales; envase; Elimine; No; limpieza; todas; Obedezca; condiciones; almacenamiento; Los; tóxico; vigentes; limpiando; con; degrada; ser; clasificados; regulaciones; use; posible; Persistencia; transporte; dadas; Inestabilidad; calor; Producto; para; acuerdo; SOBRE; Clase; peligrosos; controladas; soldadoras; no; el; anillo; N; Efectos; del; facilite; tapa; bajo; aves; como; producto; residuos; chispas; un; peligrosos del envase, por ejemplo, limpiando con un paño húmedo; ambientales; CONSIDERACIONES; sugiere; que; por; se; incluir; todos;  3; excepto; La; incinerar; la; estable; Bio; o; precauciones; original; sobre; inflamable; las; parte; ambiente; peces; y; persiste; distribuya; llamas; disponga; este; interna;  13; corte; peligrosos (Clase 3: líquido inflamable,; a; de; cierre; DISPOSICION; e; A; El",. Inestabilidad: Producto estable en el tiempo Persistencia / Durabilidad: Producto que persiste en ...
FDS 38 -impra_S13_001,FDS 38 -impra,13,Consideraciones de eliminación,text,428,,,"Durabilidad; LA; los; sustancias; en; insectos; De; cerca; tiempo; INFORMACION; gases; al; alejado; ejemplo; sopletes; locales; envase; componentes; Elimine; No; regulados; limpieza; todas; Obedezca; U; condiciones; almacenamiento; Los; REGLAMENTACION; tóxico; vigentes; SEGURIDAD; limpiando; Algunos; con; 0 ;  2002; degrada; ser;  1609 ; clasificados; regulaciones; usuario; use; posible; Persistencia; transporte; dadas; cubre; Inestabilidad; calor; Producto; seguridad; para; acuerdo; materiales; SOBRE; debe; Clase; oxidantes; Ministerio; lo; peligrosos; controladas; soldadoras; internacionales; existencia; no; Transporte; el; anillo; NOTA; N; Inflamable; descrito; Efectos; del; facilite; tapa; bajo; embalaje; aves; como; producto; residuos; requiere; complementarias; chispas; disposiciones; un; peligrosos del envase, por ejemplo, limpiando con un paño húmedo; ambientales; CONSIDERACIONES; sugiere; que; por; agentes;  3 ; se; incluir; todos; 1 ;  3; aplicables; excepto; La; incinerar; la; dar; estable; Bio; o; IMO; precauciones; IMPRA; original; sobre; inflamable;  1268 ; las; III; parte; ambiente; Consultar; Se; peces; y; persiste; sus; distribuya; llamas; disponga;  049 ; nacionales; este; interna;  13; estan; HOJA; hoja; DE; combustibles; corte; hacia; peligrosos (Clase 3: líquido inflamable,; Decreto; explosivas; proporcionada; a; de; 15; cumplimiento; radiactivas; cierre; DISPOSICION; e; A; El; Grupo",. Inestabilidad: Producto estable en el tiempo Persistencia / Durabilidad: Producto que persiste en ...
FDS 38 -impra_S14_001,FDS 38 -impra,14,Información sobre transporte,text,171,,,sustancias; en; INFORMACION; gases; al; locales; componentes; No; regulados; U; REGLAMENTACION; SEGURIDAD; Algunos; con; 0 ;  2002;  1609 ; regulaciones; usuario; transporte; cubre; seguridad; para; materiales; SOBRE; debe; oxidantes; Clase; Ministerio; lo; internacionales; existencia; el; Transporte; NOTA; Inflamable; N; descrito; del; embalaje; requiere; complementarias; disposiciones; agentes;  3 ; se; 1 ;  3; aplicables; La; la; dar; IMO; IMPRA; inflamable;  1268 ; las; III; Consultar; Se; y; sus;  049 ; nacionales; estan; HOJA; hoja; DE; combustibles; hacia; Decreto; explosivas; proporcionada; de; 15; cumplimiento; radiactivas; Grupo,". No transporte con sustancias explosivas, gases tóxicos, materiales combustibles espontáneamente, a..."
FDS 38 -impra_S15_001,FDS 38 -impra,15,Información reglamentaria,text,306,,,sustancias; en; ni; INFORMACION; conocemos; reciban; brindar; gases; una; al; deben; locales; componentes; propiedades; NTC; No; regulados; fin; U; su; almacenamiento; personas; REGLAMENTACION; Esta; SEGURIDAD; productos; Algunos; con; 0 ;  2002;  1609 ; causado; regulaciones; usuario; transporte; cubre; seguridad; para; materiales; SOBRE; debe; ya; oxidantes; Clase; Ministerio; lo; internacionales; existencia; no; el; Transporte; Las; NOTA; Inflamable; N; descrito; material;  4435; del; TECNIDECOR; embalaje; responsable; cliente; basada; como; producto; tiene; requiere; complementarias; disposiciones; inadecuado; un; agentes; que; por;  3 ; se; 1 ;  3; aplicables; La; la; cada; dar; o; IMO; precauciones; IMPRA; ejercer; Norma; inflamable;  1268 ; las; III; Consultar; Se; nuestros; uso; y; sus; propio;  049 ; apropiada; nacionales; S; manejo; determinar; este; estan; HOJA; criterio; conveniencia; hoja; DE; combustibles; hace; Para; hacia; Decreto; explosivas; proporcionada; a; de; 15; cumplimiento; radiactivas; A; Grupo,". No transporte con sustancias explosivas, gases tóxicos, materiales combustibles espontáneamente, a..."
FDS 38 -impra_S16_001,FDS 38 -impra,16,Otra información,text,134,,,Las; o; material; la; productos; precauciones;  4435; con; del; ejercer; TECNIDECOR; en; ni; Norma; causado; las; conocemos; reciban; responsable; cliente; brindar; basada; como; producto; tiene; una; uso; nuestros; seguridad; para; propio; deben; apropiada; S; manejo; inadecuado; determinar; este; propiedades; ya; un; NTC; criterio; conveniencia; hoja; hace; fin; Para; que; por; su; almacenamiento; a; se; de; personas; Esta; A; no; el; cada,. Esta hoja de seguridad tiene como fin sólo a brindar una guía basada en la Norma NTC 4435. Para el...
FDS 38 -impra_S03_001,FDS 38 -impra,3,Tabla 1,table,14,,,0;  310 ; 1;  4;  3; HOJADESEGURIDADIMPRA; 4;  2;  049 ,0: 049 | 2: HOJADESEGURIDADIMPRA | 3: 310 | 4: Página1de4
FDS 38 -impra_S08_001,FDS 38 -impra,8,Tabla 1,table,20,,,"SALUD;  1
; 0;  3
; PELIGROFÍSICO | 1: 0
0: PROTECCIÓNPERSONAL;  0
; inflamable;  1; INFLAMABLE","0: SALUD | 1: 1
0: INFLAMABLE | 1: 3
0: PELIGROFÍSICO | 1: 0
0: PROTECCIÓNPERSONAL"
FDS 38 -impra_S03_001,FDS 38 -impra,3,Tabla 1,table,14,,,0; 2;  310 ;  4;  3; HOJADESEGURIDADIMPRA; 4;  2;  049 ,0: 049 | 2: HOJADESEGURIDADIMPRA | 3: 310 | 4: Página2de4
FDS 38 -impra_S03_001,FDS 38 -impra,3,Tabla 1,table,14,,,0;  310 ; 3;  4;  3; HOJADESEGURIDADIMPRA; 4;  2;  049 ,0: 049 | 2: HOJADESEGURIDADIMPRA | 3: 310 | 4: Página3de4
FDS 38 -impra_S03_001,FDS 38 -impra,3,Tabla 1,table,14,,,0;  310 ;  4;  3; HOJADESEGURIDADIMPRA; 4;  2;  049 ,0: 049 | 2: HOJADESEGURIDADIMPRA | 3: 310 | 4: Página4de4
FDS 1 - Corlar 2.8 HG Epóxico Alto Brillo - Base Media copy_S01_001,FDS 1 - Corlar 2.8 HG Epóxico Alto Brillo - Base Media copy,1,Identificación del producto y la empresa,text,111,,,"Componente; Systems; o; Datos; los; productos; Fecha;  855-6; del; ni;  50 ; Nombre; Bank; usado;  300 ; recubrimiento;  2; mezcla; es; producto; identificados; uso; Axalta; y;  19342 ; Suite; Usos; Mills; consumidores; USA;  16.0; Blvd; No; contraindicados; proveedor; PA; Glen; LLC; Applied; por; US; restricciones; recomendado; a; venta; de; Uso; Coating; sustancia; peligrosa; 26; peligrosa o mezcla, y restricciones de uso Usos identificados Usos contraindicados Nombre del producto : 2MB26P Componente de recubrimiento; fabricante; la",": : : Datos del proveedor o fabricante : Axalta Coating Systems, LLC 50 Applied Bank Blvd. Suite 300..."
FDS 1 - Corlar 2.8 HG Epóxico Alto Brillo - Base Media copy_S02_001,FDS 1 - Corlar 2.8 HG Epóxico Alto Brillo - Base Media copy,2,Identificación de peligros,text,505,,H350; H317; H315; H319; H226; P302; P308; P280; P351; P242; P352; P261; P241; P338; P264; P313; P362; P333; P243; P201; P305; P363; P210; P364,"280 ; Este; los; 302 ; 242 ; H315; volverla; HG; Lavar; produzcan; 264 ; Estado; Mantener; lavado; una; al; Respuesta; alejado; advertencia; superficies; lentes; Peligro; CFR; minutos; piel; 210 ; demostrada; P362; lavarla; equipo; No; P201; sarpullido; 364 ; peligrosa o mezcla : Palabra de advertencia : Peligro Indicaciones de peligro : H226 - Líquido y vapores inflamables H315 - Provoca irritación cutánea H317 - Puede provocar una reacción cutánea alérgica H319 - Provoca irritación ocular grave H350 - Puede provocar cáncer Pictogramas de peligro : Consejos de prudencia Elementos de las etiquetas del SGA Estado OSHA/ HCS : Este material es considerado como peligroso por la Norma de Comunicación de Riesgos de la OSHA (29 CFR 1910; 261 ; peligros; facilidad; presentes; 315 ; grave; equipos; durante; 319 ; descubierto; 338 ; CARCINOGENICIDAD; fumar; Pictogramas; con; Corlar; P302; pueda; Usar; agua; 352 ; Riesgos; herramientas; En; 305 ; H317; calor; medidas; para; P242; H226;  1; otras; cara; utilizar;  1910.1200; H350; P333; ocular; OSHA; considerado; Indicaciones; ojos; supuesta; 333 ; instrucciones; Procurarse; INFLAMABLES; contra; 201 ; SGA; caso; P305; P210; Quitar; 362 ; peligrosa; usar; prudencia; el; material; Fecha; del; peligroso; Media; P308;  2; 363 ; contaminada;  1 ; Lavarse; como; P351; Enjuagar; 226 ; H319; P352; 29 ; chispas; Puede; P338; fuentes; P264; P313; inflamables; un; P243; hacerse; por; ropa; que; provocar;  3 ; Alto; peligros Prevención : P201 - Procurarse las instrucciones antes del uso P280 - Usar guantes de protección, ropa de protección e equipo de protección para la cara o los ojos P210 - Mantener alejado del calor, chispas, llamas al descubierto, superficies calientes y otras fuentes de ignición No fumar P241 - Utilizar equipos eléctricos, de ventilación y de iluminación antideflagrantes P242 - No utilizar herramientas que produzcan chispas P243 - Tomar medidas de precaución contra las descargas electrostáticas P261 - Evitar respirar vapor P264 - Lavarse cuidadosamente las manos después de la manipulación Intervención/Respuesta : P308 + P313 - En caso de exposición demostrada o supuesta: Consultar a un médico P362 + P364 - Quitar la ropa contaminada y lavarla antes de volverla a usar P363 - Lavar la ropa contaminada antes de volverla a usar P302 + P352 - En caso de contacto con la piel: Lavar con abundante agua P333 + P313 - En caso de irritación cutánea o sarpullido: Consultar a un médico P305 + P351 + P338 - En caso de contacto con los ojos: Enjuagar con agua cuidadosamente durante varios minutos Quitar los lentes de contacto, cuando estén presentes y pueda hacerse con facilidad Proseguir con el lavado; sustancia; cuidadosamente; antideflagrantes; manos; 241 ; etiquetas; vapor;  2.8 ; la; Proseguir; o; 350 ; 351 ; Tomar; Norma; respirar; las; antes; Consejos; mezcla; es; Utilizar; P280; abundante; 308 ; Consultar; calientes; peligro; HCS; 313 ; uso; 17 ; ventilación; y; guantes; Provoca; llamas; P261; P241; Elementos; OCULAR; Evitar; cuando; Base; 317 ; 243 ; Palabra; vapores; varios; US; P363; a; Brillo; de; 26; P364; e; descargas; contacto",LÍQUIDOS INFLAMABLES - Categoría 3 IRRITACIÓN CUTÁNEA - CategoríaIRRITACIÓN OCULAR - Categoría 2A SE...
FDS 1 - Corlar 2.8 HG Epóxico Alto Brillo - Base Media copy_S02_002,FDS 1 - Corlar 2.8 HG Epóxico Alto Brillo - Base Media copy,2,Identificación de peligros,text,144,,P305; P337; P338; P313; P235; P351; P501; P403,Peligros no clasificados en otra parte : No se conoce ninguno; los; Eliminar; en; 501 ; Almacenar; lavado; Mantener; lentes; locales; minutos; 337 ; No; Si; todas; facilidad; otra; presentes; P235; almacenamiento; conoce; durante; 338 ; con; clasificados; pueda; agua; En; 305 ; ventilado; Peligros; ocular; ojos; P403; P305; caso; internacionales; Quitar; contenido; ninguno; no; el; lugar; P351; Enjuagar; P338; P313; un; P501; hacerse; P337; recipiente; se; cuidadosamente; 403 ; conforme; la; Proseguir; regionales; 351 ; reglamentaciones; las; parte; Consultar; 313 ; y; persiste; 235 ; nacionales; cuando; bien; varios; fresco; a; de; Almacenamiento; e; contacto,P305 + P351 + P338 - En caso de contacto con los ojos: Enjuagar con agua cuidadosamente durante vari...
FDS 1 - Corlar 2.8 HG Epóxico Alto Brillo - Base Media copy_S03_001,FDS 1 - Corlar 2.8 HG Epóxico Alto Brillo - Base Media copy,3,Composición/información sobre los ingredientes,text,512,64742-95-6; 109-99-9; 111-76-2; 67-64-1; 100-41-4; 1330-20-7; 14808-60-7; 123-42-2; 95-63-6; 25068-38-6,,"aire; ≤3 ; inmediatamente; inferior; los; Xilenos; beber; figuran; Nombre; en; menos; ≤50 ; HG; deban; 25068-38-6; nada; ha; Butoxietanol; 2; 100-41-4; salud; una; al; Procurar; lotes; lentes;  111-76; ≤0.3 ; laboral; entre; ≤25 ; ≤8.5 ; componentes; baja; ligera; existir; porque; No; consciente; Si; proveedor; sea; camisa; inconsciente; buena; 6 ; 67-64-1; Los; hay; corbata; Verificar; Quartz; 95-63-6; titanio; adicional; 1330-20-7; descompuesta; con; Corlar; ser; boca; agua; 123-42-2; En; posible; epiclorhidrina; presente; Tetrahydrofuran; alcohol; ocasionalmente; para; persona; inducir; ≥10 ; debe; concentraciones; expresamente; lo;  64742-95; pulmones; ojos; Trimetilbenceno; indique; personal; levantando; ≤1.4 ; caso; Diacetona; apretado; presenta; dentales; no; ≤6.9 ; el;  134667-7 ; 9 ; Asegure; todo; estar;  67-64;  1330-20; Sustancia; material; cabeza; reportados; Fecha; del; peligroso; Media; suministrar; 4 ;  2; tanto; bajo; debido; vomitar; como; Aflojar; producto; expuesta; Enjuagar; ingrediente; Lave; ingerido; cuello; pudiera; confidencialidad; Acetona; superior; 2 ; oral; A; un; coloque; 1; lleva; conocimiento; proteger; peligroso No inducir al vómito a menos que lo indique expresamente el personal médico En caso de vómito, se debe mantener la cabeza baja de manera que el vómito no entre en los pulmones Procurar atención médica No suministrar nada por vía oral a una persona inconsciente Si está inconsciente, coloque en posición de recuperación y obtenga atención médica inmediatamente Asegure una buena circulación de aire Aflojar todo lo que pudiera estar apretado, como el cuello de una camisa, una corbata, un cinturón Enjuagar los ojos inmediatamente con mucha agua, levantando ocasionalmente los párpados superior e inferior Verificar si la víctima lleva lentes de contacto y en este caso, retirárselas; nafta; que; por; CAS; clasificado; Alto; siente; mucha; Retirar; se; 1 ; aplicables;  95-63; cantidades;  123-42;  2.8 ; la; manera; 64742-95-6; 7 ; o; riesgo;  100-41;  25068-38; rango; sobre; las; mezcla; es; 109-99-9; ambiente; 111-76-2; Etilbenceno; mantener; 17 ; y; 14808-60-7; si;  109-99; alguna; obtenga; disolvente; bisfenol; este; Mezcla; ≥25 ; medio; proporcione; Base; esta; actual;  14808-60; US; a; Brillo; de; 26; e; 4; contacto",/ información sobre los componentes Nombre de ingrediente Concentración Número CAS Sustancia/mezcla ...
FDS 1 - Corlar 2.8 HG Epóxico Alto Brillo - Base Media copy_S03_002,FDS 1 - Corlar 2.8 HG Epóxico Alto Brillo - Base Media copy,3,Composición/información sobre los ingredientes,text,311,,,"aire; inmediatamente; inferior; los; artificial; en; menos; Lavar; una; Procurar; al; proporcionar; lentes; minutos; calzado; Si; camisa; inconsciente; buena; ayuda; hay; Verificar; corbata; capacitado; volver; usarlo; con; ser; boca; agua; En; mantenerla; use; peligroso para la persona que proporcione ayuda dar respiración boca a boca Procurar atención médica Si está inconsciente, coloque en posición de recuperación y obtenga atención médica inmediatamente Asegure una buena circulación de aire Aflojar todo lo que pudiera estar apretado, como el cuello de una camisa, una corbata, un cinturón; ocasionalmente; para; persona; otras; debe; lo; exposiciones; completamente; ojos; Transportar; enjuagando; personal; levantando; caso; apretado; no; el; todo; estar; Asegure; Limpiar; facilite; peligroso; contaminada; ocurre; como; Aflojar; libre; Enjuagar; Lave; cuello; pudiera; quejas; superior; Puede; contaminados; evite; un; coloque; lleva; u; paro;  10 ; por; ropa; que; mucha; respiratorio; la; dar; o; antes; es; abundante; usarla; y; si; guantes; obtenga; le; este; bien; proporcione; irregular; existan; a; de; reposo; e; contacto","Enjuagar los ojos inmediatamente con mucha agua, levantando ocasionalmente los párpados superior e i..."
FDS 1 - Corlar 2.8 HG Epóxico Alto Brillo - Base Media copy_S04_001,FDS 1 - Corlar 2.8 HG Epóxico Alto Brillo - Base Media copy,4,Primeros auxilios,text,448,,,aparato; significativos; inmediatamente; los; cantidad; auxilios; primeros; en; HG; ha; inmediata; salud; una; tratamientos; envenenamientos; contemple; Por; piel; conocen; dato; No; pueden; Si; Tratamientos; riesgos; sospecha; presentes; su; ayuda; Los; grave; hay; especialista; con; Corlar; ser; implique; peligroso para la persona que proporcione ayuda dar respiración boca a boca; siguientes; boca; agua; use; efectos; para; persona; adecuada; especial; ocular; importantes; gran; ojos; Signos; Primeros; personal; caso; Contactar; Vea; usar; Notas; no; el; inhalado; necesidad; ninguna; lagrimeo; Efectos; Fecha; peligroso; del; adversos; Media;  2; contaminada; enrojecimiento; Lave; potenciales; tratamiento; ingerido; Puede; adecuado; un; dolor; que; agudos; ropa; provocar; Alto; se; incluir;  3;  2.8 ; la; dar; o; riesgo; entrenamiento; Contacto; recibir; antes; 17 ; y; si; guantes; Provoca; medida; encargada; bien; proporcione; Base; vapores; US; Tratar; a; Brillo; de; 26; rescate,Contacto con los ojos Contacto con la piel Por inhalación Ingestión : : : : Descripción de los prime...
FDS 1 - Corlar 2.8 HG Epóxico Alto Brillo - Base Media copy_S05_001,FDS 1 - Corlar 2.8 HG Epóxico Alto Brillo - Base Media copy,5,Medidas de lucha contra incendios,text,359,,,los; llevar; seco; en; completa; una; al; ocurra; deben; zona; contemple; alcantarillado; equipo; No; Desplazar; pueden; todas; filtran; Los; personas; positiva; envases; puede; productos; causar; esto; con; calentamiento; implique; siguientes; agua; En; espuma; fuego; Medios; combate; para; Peligros; materiales; presión; especial; peligrosos; personal; facial; contra; caso; grupos; peligrosa; usar; seguir; no; el; contenedores; sin; ninguna; Equipo; lugar; del; apropiado; residuos; Use; compuestos; peligrosos Peligros específicos de la sustancia química peligrosa o mezcla Los productos de descomposición pueden incluir los siguientes materiales: dióxido de carbono monóxido de carbono óxidos de azufre compuestos halógenos; adecuado; pulverizada; neblina; inflamables; un; opere; hacerse; s; que; lejos; recipiente; se; sustancia; incluir; bomberos; refrigerar; la; modo; o; carbono; Medidas; aumento; riesgo; entrenamiento; chorro; evacuando; incidente; Productos; las; incendio; mezcla; Utilizar; azufre; y; si; proximidades; polvo; medida; apropiados; especiales; vapores; a; de; expuestos,"s En caso de incendio, aísle rápidamente la zona evacuando a todas las personas de las proximidades ..."
FDS 1 - Corlar 2.8 HG Epóxico Alto Brillo - Base Media copy_S06_001,FDS 1 - Corlar 2.8 HG Epóxico Alto Brillo - Base Media copy,6,Medidas en caso de liberación accidental,text,508,,,aparato; sistema; aire; Retire; los; Proporcione; proceda; absorbente; en; mismo; alrededores; HG; diatomeas; contaminado; ha; pertinentes; una; relativas; al; sentido; Precauciones; canales; deben; contemple; entre; envase; locales; equipo; Evite; prueba; No; sea; alcantarillas; personales; todas; ver; autoridades; Detener; contratista; adecuados; su; equipos; accidental; emergencia; envases; tomarse; puede; fumar; esto; con; Corlar; implique; causado; agua; herramientas; tierra; procedimiento; presentar; desechos; para; acuerdo; camine; adecuada; materiales; Apagar; Informe; viento; tal; personal; encendido; absorbentes; caso; derrames; indica; Llevar; presenta; no; el; normativas; Trate; material; sin; ninguna; puestos; Fecha; del; Media; permitir;  2; deje; apropiado; como; producto; Use; tratamiento; vertido; medioambiental; chispas; adecuado; fuentes; inadecuado; suelo; neblina; derramado; un; Evacuar; derrame; arena; desecharlo; peligro Evite respirar vapor o neblina Proporcione ventilación adecuada Llevar un aparato de respiración apropiado cuando el sistema de ventilación sea inadecuado Llevar puestos equipos de protección personal adecuados Para personal de no emergencia Fecha de emisión : 4/17 Corlar 2; que; recoger; por; Alto; Nota; autorizado; se; vapor; colocar; reducidas;  2.8 ; la; residuales; Medidas; o; entrada; riesgo; entrenamiento; fuga; innecesario; sobre; respirar; las; ambiente; planta; peligro; uso; 17 ; ventilación; y; si; llamas; toque; medida;  13; aguas; cuando;  4; medio; combustibles; bengalas; Base; Para; US; Aproximarse; a; Brillo; de; 26; El; vermiculita; Disponga; contacto,"o fuga accidental Precauciones personales, equipo de protección y procedimiento de emergencia : No s..."
FDS 1 - Corlar 2.8 HG Epóxico Alto Brillo - Base Media copy_S06_002,FDS 1 - Corlar 2.8 HG Epóxico Alto Brillo - Base Media copy,6,Medidas en caso de liberación accidental,text,280,,,aire; Retire; los; seco; en; Diluir; ha; pertinentes; al; absorber; canales; prueba; Evite; equipo; Si; alcantarillas; limpieza; autoridades; necesario; Detener; contratista; adecuados; su; Gran; insoluble; soluble; emergencia; envases; esto; con; causado; agua; herramientas; tierra; frente; desechos; para; contenedor; materiales; Derrame; especial; Informe; personal; fregar; derrames; usar; presenta; no; el; material; del; bajo; hacer; producto; residuos; Use; medioambiental; chispas; adecuado; suelo; derramado; derrame; un; por; ropa; Nota; autorizado; se; colocar; respuesta; la; o; Alternativamente; riesgo; fuga; inerte; sobre; las; es; Consultar; y; emergencias; si; cuenta; fuera; medio; fugas; Para; a; de; Disponga; contacto,Nota: Véase la para información de contacto de emergencia y la para eliminación de desechos : Evite ...
FDS 1 - Corlar 2.8 HG Epóxico Alto Brillo - Base Media copy_S07_001,FDS 1 - Corlar 2.8 HG Epóxico Alto Brillo - Base Media copy,7,Manejo y almacenamiento,text,500,,,aparato; sistema; prohibido; los; beber; vea; en; menos; HG; produzcan; Almacenar; introducir; vuelva; Mantener; uno; al; alejado; Precauciones; trabajar; cerrados; trata; deben; Conservar; entre; envase; locales; piel; equipo; Evite; prueba; separada; No; manipula; pueden; sea; todas; normas; otra; haber; almacenamiento; Los; personas; manipular; descubierto; homologada; adicional; envases; fumar; con; ser; herramientas; comer; proceso; trabajan; lavarse; cualquier; comprendido; Manejo; calor; hecho; medidas; lugares; seguridad; para; acuerdo; comedor; adecuada; adecuadamente; materiales; cara; utilizar; garantizar; peligrosos; ojos; ventilados; instrucciones; personal;  5; explosiones; compatible; Quitar; cerrado; usar; Llevar; no; el; entrar; Las; acerca; material; Fecha; del; Condiciones; Media;  2; Orientaciones; contaminada; ingerir; apropiado; producto; Use; chispas; adecuado; inadecuado; neblina; un; espacios; 1; general; almacena; cargas; retienen; donde; tomar; que; ropa; Alto; recipiente; autorizado; se; manos; vapor; peligrosos No vuelva a usar el envase : Precauciones que se deben tomar para garantizar un manejo seguro Fecha de emisión : 5/1Corlar 2;  2.8 ; la; Medidas; o; precauciones; incompatibilidad;  8; original; sobre; antecedentes; respirar; ocupacional; higiene; las; antes; incluida; utilice; uso; ventilación; y; conservar; llamas; manejo; este; alternativo; seguro; especiales; cuando; Evitar; Base; US; a; Brillo; de; 26; fuente,"Orientaciones sobre higiene ocupacional general Está prohibido comer, beber o fumar en los lugares d..."
FDS 1 - Corlar 2.8 HG Epóxico Alto Brillo - Base Media copy_S07_002,FDS 1 - Corlar 2.8 HG Epóxico Alto Brillo - Base Media copy,7,Manejo y almacenamiento,text,499,,,"sellado; separado; 2018; los; Eliminar; protegido; en; Ninguno; horas; HG; Almacenar; incompatibles; vuelva; Estado;  5 ; momento; Mantener; al; Precauciones; deben; Conservar; comida; envase; locales; vertical; Unidos; OSHA PEL 1989 (Estados Unidos, 3/1989) TWA: 10 mg/m³ 8 horas Estado: Polvo total OSHA PEL (Estados Unidos, 5/2018) TWA: 15 mg/m³ 8 horas Estado: Polvo total CAL OSHA PEL (Estados Unidos, 5/2018) TWA: 5 mg/m³, (as Ti) 8 horas Estado: respirable fraction TWA: 10 mg/m³, (as Ti) 8 horas Estado: total dust ACGIH TLV (Estados Unidos, 1/2022) TWA: 2;  10; separada; No; Ti; directa; todas; normas; ver; obtener; llave; almacenamiento; Los; evitar; OSHA PEL 1989 (Estados Unidos, 3/1989) TWA: 50 ppm 8 horas TWA: 240 mg/m³ 8 horas NIOSH REL (Estados Unidos, 10/2020) TWA: 50 ppm 10 horas TWA: 240 mg/m³ 10 horas OSHA PEL (Estados Unidos, 5/2018) TWA: 50 ppm 8 horas TWA: 240 mg/m³ 8 horas CAL OSHA PEL (Estados Unidos, 5/2018) TWA: 240 mg/m³ 8 horas TWA: 50 ppm 8 horas; homologada; 2020; titanio; envases; usarlo; con; as; NIOSH; epiclorhidrina; han; cualquier; bebida; alcohol; Manejo; cerrarse; seguridad; para; acuerdo;  1; previo; contenedor; materiales; oxidantes; ppm;  2.5 ; garantizar; OSHA;  240 ; Consulte;  5; derrames; Diacetona; cerrado; usar; ACGIH TLV (Estados Unidos, 1/2022) TWA: 50 ppm 8 horas TWA: 238 mg/m³ 8 horas OSHA PEL 1989 (Estados Unidos, 3/1989) TWA: 50 ppm 8 horas TWA: 240 mg/m³ 8 horas NIOSH REL (Estados Unidos, 10/2020) TWA: 50 ppm 10 horas TWA: 240 mg/m³ 10 horas OSHA PEL (Estados Unidos, 5/2018) TWA: 50 ppm 8 horas TWA: 240 mg/m³ 8 horas CAL OSHA PEL (Estados Unidos, 5/2018) TWA: 240 mg/m³ 8 horas TWA: 50 ppm 8 horas; no; el; contenedores; respirable;  1989 ; acerca; dust; total; sin; Fecha; del; Condiciones;  50 ; Media; PEL; sol;  2; bajo; ventilada;  15 ; abiertos; producto; fraction; Polvo; adecuado; fuentes; un; 1; luz; 2022;  10 ; CAL; tomar; que; Alto; mg; se; cuidadosamente; II; seca; nueve;  3; TWA;  2.8 ; 1989; la;  8 ; o; incompatibilidad; ACGIH TLV (Estados Unidos, 1/2022) TWA: 2; etiquetar; almacenar; original; las; incluida; compatibles; Estados; ambiente; escalas; TLV; uso; y; hasta; sido; manejo; mantenerse; bisfenol; seguro; bien; medio; Base; REL; ACGIH; almacenimiento; US; a; Brillo; Guardar; de; 26; A; fresca;  238 ",No vuelva a usar el envase : Precauciones que se deben tomar para garantizar un manejo seguro Fecha ...
FDS 1 - Corlar 2.8 HG Epóxico Alto Brillo - Base Media copy_S07_003,FDS 1 - Corlar 2.8 HG Epóxico Alto Brillo - Base Media copy,7,Manejo y almacenamiento,text,77,,," 8 ;  1989 ; 2018; Trimethyl;  50 ; Ninguno; horas; PEL; Estados; 2;  25 ;  125 ; OSHA PEL (Estados Unidos, 5/2018) TWA: 240 mg/m³ 8 horas TWA: 50 ppm 8 horas nafta disolvente (petróleo), fracción aromática ligera Ninguno 1,2,4-Trimetilbenceno OSHA PEL 1989 (Estados Unidos, 3/1989) [Trimethyl benzene] TWA: 25 ppm 8 horas TWA: 125 mg/m³ 8 horas;  1; disolvente; ppm; Unidos; ligera; OSHA;  240 ; CAL; Trimetilbenceno; nafta;  5; mg;  3; benzene; 4; TWA; 1989","TWA: 50 ppm 8 horas TWA: 240 mg/m³ 8 horas CAL OSHA PEL (Estados Unidos, 5/2018) TWA: 240 mg/m³ 8 ho..."
FDS 1 - Corlar 2.8 HG Epóxico Alto Brillo - Base Media copy_S08_001,FDS 1 - Corlar 2.8 HG Epóxico Alto Brillo - Base Media copy,8,Controles de exposición/protección personal,text,504,,,"C; 2018; Xilenos; Nombre; horas; HG; m; Butoxietanol;  5 ;  125 ; control; laboral; minutos; Unidos; piel;  10; trimethylbenzene; and; all; 2020;  150 ; Corlar; NIOSH; mixtures;  120 ;  2400 ;  1;  655 ;  97 ; ppm;  750 ; OSHA PEL (Estados Unidos, 5/2018) [trimethylbenzene, all isomers] TWA: 125 mg/m³ 8 horas TWA: 25 ppm 8 horas 2-Butoxietanol ACGIH TLV (Estados Unidos, 1/2022) TWA: 20 ppm 8 horas OSHA PEL 1989 (Estados Unidos, 3/1989) Absorbido a través de la piel TWA: 25 ppm 8 horas TWA: 120 mg/m³ 8 horas NIOSH REL (Estados Unidos, 10/2020) Absorbido a través de la piel TWA: 5 ppm 10 horas TWA: 24 mg/m³ 10 horas OSHA PEL (Estados Unidos, 5/2018) Absorbido a través de la piel TWA: 50 ppm 8 horas TWA: 240 mg/m³ 8 horas CAL OSHA PEL (Estados Unidos, 5/2018) Absorbido a través de la piel TWA: 97 mg/m³ 8 horas TWA: 20 ppm 8 horas Xilenos, mezcla isómeros OSHA PEL 1989 (Estados Unidos, 3/1989) [Xylenes (o-, m-, p-isomers)] TWA: 100 ppm 8 horas TWA: 435 mg/m³ 8 horas STEL: 150 ppm 15 minutos STEL: 655 mg/m³ 15 minutos OSHA PEL (Estados Unidos, 5/2018) [Xylenes (o-, m-, p-isomers)] TWA: 100 ppm 8 horas TWA: 435 mg/m³ 8 horas CAL OSHA PEL (Estados Unidos, 5/2018) [xylene] STEL: 655 mg/m³ 15 minutos STEL: 150 ppm 15 minutos C: 300 ppm TWA: 435 mg/m³ 8 horas TWA: 100 ppm 8 horas ACGIH TLV (Estados Unidos, 1/2022) [p-xylene and mixtures containing p-xylene] Ototoxicante TWA: 20 ppm 8 horas Acetona ACGIH TLV (Estados Unidos, 1/2022) TWA: 250 ppm 8 horas STEL: 500 ppm 15 minutos OSHA PEL 1989 (Estados Unidos, 3/1989) TWA: 750 ppm 8 horas TWA: 1800 mg/m³ 8 horas Fecha de emisión : 7/17 Corlar 2; OSHA;  240 ;  590 ; personal;  5;  435 ;  7;  1989 ; Fecha;  50 ; Media; PEL;  2;  15 ;  25 ; ingrediente; Acetona; isomers; 2022;  10 ; CAL;  250 ; Alto; mg;  3; TWA;  2.8 ; 1989; la;  8 ;  100 ; o;  300 ; xylene; Xylenes; mezcla;  20 ; Estados; TLV; 17 ;  500 ; Ototoxicante; Absorbido; p; STEL;  1000 ; Controles;  1800 ; REL; Base; ACGIH TLV (Estados Unidos, 1/2022) TWA: 10 ppm 8 horas CAL OSHA PEL (Estados Unidos, 5/2018) [trimethylbenzene, all isomers] TWA: 125 mg/m³ 8 horas TWA: 25 ppm 8 horas 2-Butoxietanol ACGIH TLV (Estados Unidos, 1/2022) TWA: 20 ppm 8 horas OSHA PEL 1989 (Estados Unidos, 3/1989) Absorbido a través de la piel TWA: 25 ppm 8 horas TWA: 120 mg/m³ 8 horas NIOSH REL (Estados Unidos, 10/2020) Absorbido a través de la piel TWA: 5 ppm 10 horas TWA: 24 mg/m³ 10 horas OSHA PEL (Estados Unidos, 5/2018) Absorbido a través de la piel TWA: 50 ppm 8 horas TWA: 240 mg/m³ 8 horas CAL OSHA PEL (Estados Unidos, 5/2018) Absorbido a través de la piel TWA: 97 mg/m³ 8 horas TWA: 20 ppm 8 horas Xilenos, mezcla isómeros OSHA PEL 1989 (Estados Unidos, 3/1989) [Xylenes (o-, m-, p-isomers)] TWA: 100 ppm 8 horas TWA: 435 mg/m³ 8 horas STEL: 150 ppm 15 minutos STEL: 655 mg/m³ 15 minutos OSHA PEL (Estados Unidos, 5/2018) [Xylenes (o-, m-, p-isomers)] TWA: 100 ppm 8 horas TWA: 435 mg/m³ 8 horas CAL OSHA PEL (Estados Unidos, 5/2018) [xylene] STEL: 655 mg/m³ 15 minutos STEL: 150 ppm 15 minutos C: 300 ppm TWA: 435 mg/m³ 8 horas TWA: 100 ppm 8 horas ACGIH TLV (Estados Unidos, 1/2022) [p-xylene and mixtures containing p-xylene] Ototoxicante TWA: 20 ppm 8 horas Acetona ACGIH TLV (Estados Unidos, 1/2022) TWA: 250 ppm 8 horas STEL: 500 ppm 15 minutos OSHA PEL 1989 (Estados Unidos, 3/1989) TWA: 750 ppm 8 horas TWA: 1800 mg/m³ 8 horas Fecha de emisión : 7/17 Corlar 2; ACGIH; containing;  6; US;  24 ; a; Brillo; de; 26",/ protección personal Nombre de ingrediente Límites de exposición Parámetros de control Límites de e...
FDS 1 - Corlar 2.8 HG Epóxico Alto Brillo - Base Media copy_S08_002,FDS 1 - Corlar 2.8 HG Epóxico Alto Brillo - Base Media copy,8,Controles de exposición/protección personal,text,505,,,"C; 2018; horas; HG; Estado;  5 ; Tetrahidrofurano;  125 ; 2016; crystalline; minutos; Unidos;  130 ; piel;  10; Z3; non; OSHA PEL (Estados Unidos, 5/2018) [Silica, crystalline] TWA: 50 µg/m³ 8 horas Estado: Polvo respirable OSHA PEL Z3 (Estados Unidos, 6/2016); 2020;  1780 ; Corlar; NIOSH;  2400 ;  200 ;  1; ppm;  750 ; ACGIH TLV (Estados Unidos, 1/2022) Ototoxicante TWA: 20 ppm 8 horas OSHA PEL 1989 (Estados Unidos, 3/1989) TWA: 100 ppm 8 horas TWA: 435 mg/m³ 8 horas STEL: 125 ppm 15 minutos STEL: 545 mg/m³ 15 minutos NIOSH REL (Estados Unidos, 10/2020) TWA: 100 ppm 10 horas TWA: 435 mg/m³ 10 horas STEL: 125 ppm 15 minutos STEL: 545 mg/m³ 15 minutos OSHA PEL (Estados Unidos, 5/2018) TWA: 100 ppm 8 horas TWA: 435 mg/m³ 8 horas CAL OSHA PEL (Estados Unidos, 5/2018) STEL: 130 mg/m³ 15 minutos STEL: 30 ppm 15 minutos TWA: 22 mg/m³ 8 horas TWA: 5 ppm 8 horas Tetrahidrofurano ACGIH TLV (Estados Unidos, 1/2022) Absorbido a través de la piel TWA: 50 ppm 8 horas STEL: 100 ppm 15 minutos OSHA PEL 1989 (Estados Unidos, 3/1989) TWA: 200 ppm 8 horas TWA: 590 mg/m³ 8 horas STEL: 250 ppm 15 minutos STEL: 735 mg/m³ 15 minutos NIOSH REL (Estados Unidos, 10/2020) TWA: 200 ppm 10 horas TWA: 590 mg/m³ 10 horas STEL: 250 ppm 15 minutos STEL: 735 mg/m³ 15 minutos OSHA PEL (Estados Unidos, 5/2018) TWA: 200 ppm 8 horas TWA: 590 mg/m³ 8 horas CAL OSHA PEL (Estados Unidos, 5/2018) STEL: 735 mg/m³ 15 minutos STEL: 250 ppm 15 minutos Fecha de emisión : 8/17 Corlar 2; OSHA;  590 ; 3 ; personal;  5;  435 ; respirable;  7;  1989 ; Fecha;  50 ; Media; Silica; PEL;  735 ;  2;  15 ; OSHA PEL (Estados Unidos, 5/2018) TWA: 1000 ppm 8 horas TWA: 2400 mg/m³ 8 horas CAL OSHA PEL (Estados Unidos, 5/2018) STEL: 1780 mg/m³ 15 minutos STEL: 750 ppm 15 minutos C: 3000 ppm TWA: 1200 mg/m³ 8 horas TWA: 500 ppm 8 horas Etilbenceno ACGIH TLV (Estados Unidos, 1/2022) Ototoxicante TWA: 20 ppm 8 horas OSHA PEL 1989 (Estados Unidos, 3/1989) TWA: 100 ppm 8 horas TWA: 435 mg/m³ 8 horas STEL: 125 ppm 15 minutos STEL: 545 mg/m³ 15 minutos NIOSH REL (Estados Unidos, 10/2020) TWA: 100 ppm 10 horas TWA: 435 mg/m³ 10 horas STEL: 125 ppm 15 minutos STEL: 545 mg/m³ 15 minutos OSHA PEL (Estados Unidos, 5/2018) TWA: 100 ppm 8 horas TWA: 435 mg/m³ 8 horas CAL OSHA PEL (Estados Unidos, 5/2018) STEL: 130 mg/m³ 15 minutos STEL: 30 ppm 15 minutos TWA: 22 mg/m³ 8 horas TWA: 5 ppm 8 horas Tetrahidrofurano ACGIH TLV (Estados Unidos, 1/2022) Absorbido a través de la piel TWA: 50 ppm 8 horas STEL: 100 ppm 15 minutos OSHA PEL 1989 (Estados Unidos, 3/1989) TWA: 200 ppm 8 horas TWA: 590 mg/m³ 8 horas STEL: 250 ppm 15 minutos STEL: 735 mg/m³ 15 minutos NIOSH REL (Estados Unidos, 10/2020) TWA: 200 ppm 10 horas TWA: 590 mg/m³ 10 horas STEL: 250 ppm 15 minutos STEL: 735 mg/m³ 15 minutos OSHA PEL (Estados Unidos, 5/2018) TWA: 200 ppm 8 horas TWA: 590 mg/m³ 8 horas CAL OSHA PEL (Estados Unidos, 5/2018) STEL: 735 mg/m³ 15 minutos STEL: 250 ppm 15 minutos Fecha de emisión : 8/17 Corlar 2; Polvo; 2022;  10 ; CAL;  30 ;  250 ; Alto; mg;  3;  545 ; TWA;  2.8 ; 1989; la;  8 ;  22 ;  100 ;  8;  20 ; Estados; Etilbenceno; TLV; 17 ;  500 ; Ototoxicante; Absorbido;  1200 ; STEL;  1000 ; Controles;  1800 ; REL; Base; silica; ACGIH;  6; US; a; Brillo; de;  3000 ; 26",TWA: 750 ppm 8 horas TWA: 1800 mg/m³ 8 horas Fecha de emisión : 7/17 Corlar 2.8 HG Epóxico Alto Bril...
FDS 1 - Corlar 2.8 HG Epóxico Alto Brillo - Base Media copy_S08_003,FDS 1 - Corlar 2.8 HG Epóxico Alto Brillo - Base Media copy,8,Controles de exposición/protección personal,text,512,,,"ejecutar; 2018; los; verificar; sustancias; en; horas; tiempo; usado; menos; HG; Teniendo; estimar; 2; Estado; salpicaduras; gases; una; OSHA PEL (Estados Unidos, 5/2018) [Silica, crystalline] TWA: 50 µg/m³ 8 horas Estado: Polvo respirable OSHA PEL Z3 (Estados Unidos, 6/2016) TWA: 30 mg/m³ / (%SiO2+2) 8 horas Estado: Polvo total CAL OSHA PEL (Estados Unidos, 5/2018) TWA: 0; Antes; impermeables; 2016; crystalline; deben; usados; OSHA PEL (Estados Unidos, 5/2018) STEL: 735 mg/m³ 15 minutos STEL: 250 ppm 15 minutos Fecha de emisión : 8/17 Corlar 2; minutos; posibilidad; Unidos; propiedades; Z3; equipo; lloviznas; Si; cuerpo; especificados; riesgos; non; aprobado; normas; necesario; varias; evitar; durante; preciso; especialista; productos; puede; periodo; grado; Cuando; con; manejen; ser; Corlar; tarea; En; presente; Guantes; para;  200 ; exactitud; involucrados; cara; utilizar; debe; ppm; ocular; mezclas; OSHA; ojos;  590 ; 3 ; personal; indique; formadas;  5; contra; caso; toda; indica; usar; no; el; respirable; siguiente; cumplan; material; total; Equipo; Fecha; del;  50 ; Media; Silica; PEL;  735 ;  2; debido; gafas;  15 ; SiO2; producto; Polvo; diferente; requiere; superior; electricidad; un; CAL;  30 ; exija; que; por; mantienen; ropa;  250 ; Alto; tener; mg; se; Es; manos; existe; TWA;  2.8 ; cada; la;  8 ; protector; o; riesgo; aprobadas;  8; las; es; Estados; uso; 17 ; protectoras; y; seleccionar; sus; si; cuenta; guantes; siempre; STEL; este; polvos; Controles; resistentes; cuando;  0.05 ; Base; silica;  6; US; cumpla; a; Brillo; de; 26; fabricante; contacto","TWA: 590 mg/m³ 8 horas CAL OSHA PEL (Estados Unidos, 5/2018) STEL: 735 mg/m³ 15 minutos STEL: 250 pp..."
FDS 1 - Corlar 2.8 HG Epóxico Alto Brillo - Base Media copy_S08_004,FDS 1 - Corlar 2.8 HG Epóxico Alto Brillo - Base Media copy,8,Controles de exposición/protección personal,text,511,,,gas; ejecutar; los; verificar; en; cerca; casos; menos; antebrazos; Lavar; eliminadores; salpicaduras; botas; lavado; al; Antes; deben; lavabo; locales; posibilidad; equipo; cuerpo; Si; riesgos; aprobado; necesario; apropiadas; obtener; Los; final; nivel; equipos; overoles; preciso; Control; especialista; volver; grado; Cuando; productos; fumar; con; ser; tarea; Usar; En; evaluados; comer; proceso; encuentren; seguridad; para; adecuada; involucrados; debajo; cara; utilizar; debe; remover; procedimientos; completamente; ojos; personal; estatutarios; contra; sistemas; procesos; usar; humo; no; el; siguiente; algunos; obrero; recintos; lugar; del; trabajo; contaminada; debido; gafas; producto; Use; Lave; requiere; medioambiental; superior; electricidad; recomendados; controles; contaminadas; un; u; reducir; exija; menor; que; por; ropa; manejar; anti; se; todos; modificaciones; manos; filtros; existe; vapor; usarlas; La; la; protector; o; duchas; ropas; riesgo; contaminantes; cumplen; emisiones; las; antes; Utilizar; es; aerotransportados; ambiente; mantener; uso; ventilación; protectoras; y; seleccionar; salir; guantes; aceptable; polvo; estaciones; otros; este; Controles; apropiados; medio; Verifique; Para; Emisiones; requisitos; a; de; descargas; contacto,"Si existe la posibilidad de contacto con el producto se debe usar el siguiente equipo de protección,..."
FDS 1 - Corlar 2.8 HG Epóxico Alto Brillo - Base Media copy_S08_005,FDS 1 - Corlar 2.8 HG Epóxico Alto Brillo - Base Media copy,8,Controles de exposición/protección personal,text,253,,,potencial; los; cerca; en; HG; Lavar; lavado; Antes; deben; piel; calzado;  9; riesgos; respiradores; otra; Los; tipo; cual; manipular; individual; especialista; adicional; Otro; volver; con; Corlar; tarea; cualquier; encuentren; asegurar; elegir; seguridad; acuerdo; para; debe; base; realice; lo; importantes; ojos; personal; asociados; respiratoria; usar; el; Fecha; Media; trabajo;  2; apropiado; producto; adecuado; contaminadas; un; que; Alto; se; respiratorias; respirador; usarlas;  2.8 ; la; Medidas; o; duchas; ropas; riesgo; las; antes; ajuste; uso; 17 ; y; estaciones; apropiada; basadas; medida; otros; este; seleccione; Controles; aspectos; Base; Verifique; US; cumpla; norma; a; Brillo; de; programa; 26; Con,Lavar las ropas contaminadas antes de volver a usarlas Verifique que las estaciones de lavado de ojo...
FDS 1 - Corlar 2.8 HG Epóxico Alto Brillo - Base Media copy_S09_001,FDS 1 - Corlar 2.8 HG Epóxico Alto Brillo - Base Media copy,9,Propiedades físicas y químicas,text,212,,,Blanco; C; gas; 3000°C (275 a 5432°F); 50°C (122°F); Vaso; o; maximo; medir; 446; Color; del; n;  230; agua; kPa; Densidad; es; posible; Punto; mm; Estado; temperatura;  3000; aplicable; y; Velocidad; Coeficiente; ISO; g; 0.4 kPa; Resultado; Inflamabilidad; 275 ; Apariencia; Temperatura;  1.547 ; 230°C (446°F); presión;  2431; Olor; flujo; 122; Hg;  135 ; No;  0.7%; Solubilidad; Tiempo; 3 ; Umbral; octanol; disponible; pH;  8.1%; F; olor; Soluble; Medio;  0.4 ; a; cerrado; inflamabilidad; de;  50;  5432; vapor; no; Viscosidad,y químicas Estado físico Punto de fusión Presión de vapor Densidad Densidad de vapor Solubilidad(es)...
FDS 1 - Corlar 2.8 HG Epóxico Alto Brillo - Base Media copy_S10_001,FDS 1 - Corlar 2.8 HG Epóxico Alto Brillo - Base Media copy,10,Estabilidad y reactividad,text,220,,,"los; HG; peligrosas; incompatibles; Bajo; Reactividad; llama; taladre; al; deben;  10; chispa; No; todas; condiciones; reacciones; almacenamiento; envases; productos; con; resultados; Corlar; siguientes; En; posibles; calor; materiales; presión; oxidantes; evitarse; peligrosos; suelde; peligrosa; no; Fecha; del; Condiciones; Media;  2; ocurre; Posibilidad; producto; Estabilidad; producir; fuentes; respecto; peligrosos Condiciones que deberán evitarse Evitar todas las fuentes posibles de ignición (chispa o llama); ensayos; que; Alto; se; someta;  2.8 ; la; existen; estable; o; peligrosas : En condiciones normales de almacenamiento y uso, no ocurre reacción peligrosa; reactividad; Productos; las; esmerile; es; normales; Reactivo; uso; 17 ; y; sus; exponga; este; Evitar; Base; ingredientes; corte; US; incompatible; a; Brillo; de; Materiales; 26; El",El producto es estable. Estabilidad química : Posibilidad de reacciones peligrosas : En condiciones ...
FDS 1 - Corlar 2.8 HG Epóxico Alto Brillo - Base Media copy_S11_001,FDS 1 - Corlar 2.8 HG Epóxico Alto Brillo - Base Media copy,11,Información toxicológica,text,288,,,Xilenos;  2001 ; Nombre; 50 ; horas; HG; Butoxietanol; 2;  5 ; Tetrahidrofurano; Resultado; crystalline; Por; ligera; 5000 ; No;  8400 ;  1650 ; non; Toxicidad; Dosis;  3500 ; DL50; Gas; Corlar; Vapor; alcohol; efectos;  2010 ;  2520 ;  1; Carcinogenicidad;  4300 ; ppm;  13500 ; Trimetilbenceno; disponible; Diacetona;  4 ; nieblas; respirable; Fecha; Media;  2; producto; aguda; Polvo; Especies; g; ingrediente; Acetona;  12.6 ;  21 ; Oral;  5800 ; nafta; Alto; mg;  2.8 ; Conejo;  18000 ; o;  3492 ; sobre; mezcla; Mutagenicidad; Etilbenceno; 17 ; y; Rata; l; disolvente; CL50; kg;  11;  917 ; silica; Base; US;  5000 ; Brillo; de; reproductiva; 26; 4,Toxicidad aguda Diacetona alcohol DL50 Cutánea Conejo 13500 mg/kg - DL50 Oral Rata 2520 mg/kg - naft...
FDS 1 - Corlar 2.8 HG Epóxico Alto Brillo - Base Media copy_S11_002,FDS 1 - Corlar 2.8 HG Epóxico Alto Brillo - Base Media copy,11,Información toxicológica,text,510,,,ingreso; significativos; Xilenos; los; Nombre; horas; HG; Butoxietanol;  5 ; Tetrahidrofurano; una; Resultado; Humano; crystalline; Por; piel;  60 ; conocen; dato; No; riesgos; non; grave;  87 ; Teratogenicidad; moderado; titanio; Grado; Ojos; con; Corlar; epiclorhidrina; alcohol; posibles; NTP; efectos; ppm; ocular; OSHA; ojos; relacionados; disponible; Diacetona; respirable;  186300 ; leve; uL; Irritante; Fecha; Media;  2;  100 %;  395 ;  1 ;  15 ; como; Piel; producto; Conocido; Especies; ingrediente; Acetona; irritante; Puede;  10 ; provocar;  3 ; Alto; mg; se; carcinógeno;  2.8 ; la; fuerte;  8 ; Conejo;  100 ; o; riesgo; Contacto; sobre; las; mezcla;  20 ; Etilbenceno; 17 ; y;  500 ;  2 ; Rata; Provoca; bisfenol;  12; silica; Base; IARC; US;  24 ; Brillo; de; humano; 26; A,producto de reacción: bisfenol-A-epiclorhidrina Ojos - Irritante leve Conejo - 100 mg - Piel - Irrit...
FDS 1 - Corlar 2.8 HG Epóxico Alto Brillo - Base Media copy_S11_003,FDS 1 - Corlar 2.8 HG Epóxico Alto Brillo - Base Media copy,11,Información toxicológica,text,510,,,"significativos; los; Xilenos; Nombre; en; HG; Ruta; bajos; 2; vez; Tetrahidrofurano; salud; una; Resultado; crystalline; Peligro; Por; niveles; piel; ligera; conocen; dato; No; pueden; muy; riesgos; non; Toxicidad; Los; PELIGRO; posteriormente; puede; grado; con; Corlar; siguientes; Efecto; ocurrir; Generales; alcohol; efectos; persona; vitales;  1; Carcinogenicidad; POR; depende; exposiciones; ojos; sensibilizada; relacionados; Trimetilbenceno; disponible; Diacetona; el; respirable; severa; lagrimeo; Efectos; Fecha; adversos; Media; Peligro de aspiración Nombre Resultado nafta disolvente (petróleo), fracción aromática ligera PELIGRO POR ASPIRACIÓN - Categoría 1 1,2,4-Trimetilbenceno PELIGRO POR ASPIRACIÓN - Categoría 1 Xilenos, mezcla isómeros PELIGRO POR ASPIRACIÓN - Categoría 1 Etilbenceno PELIGRO POR ASPIRACIÓN - Categoría 1 Ruta de exposición Órganos vitales Ruta de exposición Órganos vitales : No disponible Efectos agudos potenciales en la salud Fecha de emisión : 13/17 Corlar 2;  2; blanco;  1 ; enrojecimiento; potenciales; Acetona; Puede; 1; incluso; dolor; nafta; agudos; que; provocar;  3 ; Alto; se; incluir; respiratorias; expone;  2.8 ; la; repetidas; o; riesgo; Contacto; las; mezcla; Mutagenicidad; Etilbenceno; 17 ; y; si;  2 ; disolvente;  13; Una; silica; Base; US; a; Brillo; de; 26; El; 4",": Contacto con los ojos Síntomas relacionados con las características físicas, químicas y toxicológi..."
FDS 1 - Corlar 2.8 HG Epóxico Alto Brillo - Base Media copy_S11_004,FDS 1 - Corlar 2.8 HG Epóxico Alto Brillo - Base Media copy,11,Información toxicológica,text,499,,,significativos; desarrollo; los; en; menos; Ruta; gases; retardados; salud;  22587.97 ; una; sobrante; producidos; recipientes; deben; entre; locales; conocen; No; sea; riesgos; todas; autoridades; tratar; relativa; contratista; permitirse; Los; hay; contemplar; ETA; Teratogenicidad; evitar; fertilidad;  385.45 ; envases; productos; con; corto; agua; reciclar; posible; cualquier; desechos; cumplir; posibles; efectos; para; debe; ppm; Estimaciones; GHS; disponible; no; el;  436959.37 ; sin; Efectos; del; enterramiento; como; producto; residuos; alcantarilla; aguda; cuidado; potenciales; largo; reciclables; hayan; un; Oral; por; que; estimaciones; desechados; manipulen; autorizado; mg; se; todos; reciclaje; minimizar; La; la; tales; Medidas; o; precauciones; toxicidad; sobre; factible; sean; las; compatibles; ambiente; Se; Mutagenicidad; Valor; derivado; y; plazo; sus; l; cursos; siempre; kg; este; cuando; inmediatos; medio; requisitos; vapores; tirar; limpiado; soluciones; a; de; datos;  20249.86 ; enjuagado; Disponga,Mutagenicidad : No se conocen efectos significativos o riesgos críticos Teratogenicidad : Efectos de...
FDS 1 - Corlar 2.8 HG Epóxico Alto Brillo - Base Media copy_S11_005,FDS 1 - Corlar 2.8 HG Epóxico Alto Brillo - Base Media copy,11,Información toxicológica,text,194,,,retener; o; envases; material; los; productos; precauciones; puede; Fecha; con; del; Corlar; Media; en; menos; inflamable; las;  2; HG; recortar; triturar; fondo; ambiente; Se; revestimentos; producto; residuos; interior; 17 ; posibles; altamente; y; dentro; sus; cuidado; explosivo; recipientes; usados; enjuagado; suelo; hayan; un; derramado; Evite; cuando; No; soldar; pueden; medio; crear; Base; alcantarillas; contacto; todas; que; manipulen; relativa; limpiado; US; Alto;  14; su; recipiente; se; Los; Brillo; de; a; 26; El; vapor; no; el;  2.8 ; la,Elimínense los residuos del producto y sus recipientes con todas las precauciones posibles Se tendrá...
FDS 1 - Corlar 2.8 HG Epóxico Alto Brillo - Base Media copy_S12_001,FDS 1 - Corlar 2.8 HG Epóxico Alto Brillo - Base Media copy,12,Información ecológica,text,288,,,Xilenos;  2001 ; Nombre; 50 ; horas; HG; Butoxietanol; 2;  5 ; Tetrahidrofurano; Resultado; crystalline; Por; ligera; 5000 ; No;  8400 ;  1650 ; non; Toxicidad; Dosis;  3500 ; DL50; Gas; Corlar; Vapor; alcohol; efectos;  2010 ;  2520 ;  1; Carcinogenicidad;  4300 ; ppm;  13500 ; Trimetilbenceno; disponible; Diacetona;  4 ; nieblas; respirable; Fecha; Media;  2; producto; aguda; Polvo; Especies; g; ingrediente; Acetona;  12.6 ;  21 ; Oral;  5800 ; nafta; Alto; mg;  2.8 ; Conejo;  18000 ; o;  3492 ; sobre; mezcla; Mutagenicidad; Etilbenceno; 17 ; y; Rata; l; disolvente; CL50; kg;  11;  917 ; silica; Base; US;  5000 ; Brillo; de; reproductiva; 26; 4,Toxicidad aguda Diacetona alcohol DL50 Cutánea Conejo 13500 mg/kg - DL50 Oral Rata 2520 mg/kg - naft...
FDS 1 - Corlar 2.8 HG Epóxico Alto Brillo - Base Media copy_S12_002,FDS 1 - Corlar 2.8 HG Epóxico Alto Brillo - Base Media copy,12,Información ecológica,text,510,,,ingreso; significativos; Xilenos; los; Nombre; horas; HG; Butoxietanol;  5 ; Tetrahidrofurano; una; Resultado; Humano; crystalline; Por; piel;  60 ; conocen; dato; No; riesgos; non; grave;  87 ; Teratogenicidad; moderado; titanio; Grado; Ojos; con; Corlar; epiclorhidrina; alcohol; posibles; NTP; efectos; ppm; ocular; OSHA; ojos; relacionados; disponible; Diacetona; respirable;  186300 ; leve; uL; Irritante; Fecha; Media;  2;  100 %;  395 ;  1 ;  15 ; como; Piel; producto; Conocido; Especies; ingrediente; Acetona; irritante; Puede;  10 ; provocar;  3 ; Alto; mg; se; carcinógeno;  2.8 ; la; fuerte;  8 ; Conejo;  100 ; o; riesgo; Contacto; sobre; las; mezcla;  20 ; Etilbenceno; 17 ; y;  500 ;  2 ; Rata; Provoca; bisfenol;  12; silica; Base; IARC; US;  24 ; Brillo; de; humano; 26; A,producto de reacción: bisfenol-A-epiclorhidrina Ojos - Irritante leve Conejo - 100 mg - Piel - Irrit...
FDS 1 - Corlar 2.8 HG Epóxico Alto Brillo - Base Media copy_S12_003,FDS 1 - Corlar 2.8 HG Epóxico Alto Brillo - Base Media copy,12,Información ecológica,text,510,,,"significativos; los; Xilenos; Nombre; en; HG; Ruta; bajos; 2; vez; Tetrahidrofurano; salud; una; Resultado; crystalline; Peligro; Por; niveles; piel; ligera; conocen; dato; No; pueden; muy; riesgos; non; Toxicidad; Los; PELIGRO; posteriormente; puede; grado; con; Corlar; siguientes; Efecto; ocurrir; Generales; alcohol; efectos; persona; vitales;  1; Carcinogenicidad; POR; depende; exposiciones; ojos; sensibilizada; relacionados; Trimetilbenceno; disponible; Diacetona; el; respirable; severa; lagrimeo; Efectos; Fecha; adversos; Media; Peligro de aspiración Nombre Resultado nafta disolvente (petróleo), fracción aromática ligera PELIGRO POR ASPIRACIÓN - Categoría 1 1,2,4-Trimetilbenceno PELIGRO POR ASPIRACIÓN - Categoría 1 Xilenos, mezcla isómeros PELIGRO POR ASPIRACIÓN - Categoría 1 Etilbenceno PELIGRO POR ASPIRACIÓN - Categoría 1 Ruta de exposición Órganos vitales Ruta de exposición Órganos vitales : No disponible Efectos agudos potenciales en la salud Fecha de emisión : 13/17 Corlar 2;  2; blanco;  1 ; enrojecimiento; potenciales; Acetona; Puede; 1; incluso; dolor; nafta; agudos; que; provocar;  3 ; Alto; se; incluir; respiratorias; expone;  2.8 ; la; repetidas; o; riesgo; Contacto; las; mezcla; Mutagenicidad; Etilbenceno; 17 ; y; si;  2 ; disolvente;  13; Una; silica; Base; US; a; Brillo; de; 26; El; 4",": Contacto con los ojos Síntomas relacionados con las características físicas, químicas y toxicológi..."
FDS 1 - Corlar 2.8 HG Epóxico Alto Brillo - Base Media copy_S12_004,FDS 1 - Corlar 2.8 HG Epóxico Alto Brillo - Base Media copy,12,Información ecológica,text,499,,,significativos; desarrollo; los; en; menos; Ruta; gases; retardados; salud;  22587.97 ; una; sobrante; producidos; recipientes; deben; entre; locales; conocen; No; sea; riesgos; todas; autoridades; tratar; relativa; contratista; permitirse; Los; hay; contemplar; ETA; Teratogenicidad; evitar; fertilidad;  385.45 ; envases; productos; con; corto; agua; reciclar; posible; cualquier; desechos; cumplir; posibles; efectos; para; debe; ppm; Estimaciones; GHS; disponible; no; el;  436959.37 ; sin; Efectos; del; enterramiento; como; producto; residuos; alcantarilla; aguda; cuidado; potenciales; largo; reciclables; hayan; un; Oral; por; que; estimaciones; desechados; manipulen; autorizado; mg; se; todos; reciclaje; minimizar; La; la; tales; Medidas; o; precauciones; toxicidad; sobre; factible; sean; las; compatibles; ambiente; Se; Mutagenicidad; Valor; derivado; y; plazo; sus; l; cursos; siempre; kg; este; cuando; inmediatos; medio; requisitos; vapores; tirar; limpiado; soluciones; a; de; datos;  20249.86 ; enjuagado; Disponga,Mutagenicidad : No se conocen efectos significativos o riesgos críticos Teratogenicidad : Efectos de...
FDS 1 - Corlar 2.8 HG Epóxico Alto Brillo - Base Media copy_S12_005,FDS 1 - Corlar 2.8 HG Epóxico Alto Brillo - Base Media copy,12,Información ecológica,text,480,,,"Este; cantidad; los; embalajes; en; menos; HG; fondo; 677.52 ; transporta; transportado; altamente; dentro; galones; canales; recipientes; usados; reclasificado; buques; Evite; No; soldar; pueden; sea; regulados; alcantarillas; todas;  119 ; relativa; su; Los; enviar; envases; regulado; productos; puede; con; Corlar; ser; L; regulaciones; recortar; transporte; bultos; requieren; menores; posibles; marcado; para; materiales; otras; lo; sujetos; contaminante; peligrosos;  3967.6 ; ferroviaria; informable; reporte; Cantidad; peligrosa; no; el; ≤5 ; cumplan; material; Fecha; del; Media;  2; triturar; inferiores; iguales; como; Galones; producto; residuos; cuidado; requiere; combustible; suelo; disposiciones; hayan; un; derramado; son; establecida; que; manipulen; por; Alto; peligrosa para el medio ambiente puede mostrarse si otras regulaciones de transporte lo requieren;  14; recipiente; se; sustancia; marino; mostrarse; vapor; excepto;  2.8 ; la; granel; retener; voluminosos; o; RQ; empaques; precauciones; contaminantes; mar;  2564.7 ; inflamable; las; peligrosos si sus tamaños son inferiores a la cantidad de reporte para el producto, excepto cuando se transportan en buques Este producto no está regulado como contaminante marino cuando se transporta en canales y ríos navegables en tamaños de ≤5 L o ≤5 kg o por vía terrestre, ferroviaria o aérea en tamaños no voluminosos, siempre y cuando los empaques cumplan con las disposiciones generales de §§ 173; ambiente; Se; revestimentos;  173.24 ; interior; 17 ; y; sus; explosivo; si; navegables; siempre; kg; terrestre; cuando; medio; crear; Base;  8739.2 ; combustibles; requisitos; lbs; limpiado; US; transportan; a; Brillo; generales; de; 26; El; buque;  173.24; enjuagado; contacto",Elimínense los residuos del producto y sus recipientes con todas las precauciones posibles Se tendrá...
FDS 1 - Corlar 2.8 HG Epóxico Alto Brillo - Base Media copy_S12_006,FDS 1 - Corlar 2.8 HG Epóxico Alto Brillo - Base Media copy,12,Información ecológica,text,406,,,accidente; en; HG; peligrosas; una; al; relativas; dentro; Precauciones; cerrados; obligatoria; recipientes; entre;  15; conocen; No; peligrosa para el medio ambiente puede mostrarse si otras regulaciones de transporte lo requieren Información adicional Precauciones especiales para el usuario Transporte dentro de las instalaciones de usuarios: siempre transporte en recipientes cerrados que estén verticales y seguros Asegurar que las personas que transportan el producto conocen qué hacer en caso de un accidente o derrame : Producto clasificado de acuerdo con las siguientes secciones de las regulaciones de transporte de mercancías peligrosas 2 (Class 3) Clasificación DOT Clasificación para el TDG IMDG IATA : : : : PINTURA 3 III PINTURA 3 III PINTURA 3 III Clasificación DOT IMDG IATA Número ONU Designación oficial de transporte Clase(s) relativas al transporte Grupo de embalaje Riesgos ambientales Sí Sí Sí La marca de substancia peligrosa para el ambiente no es obligatoria Clasificación para el TDG PINTURA 3 III No Clasificación de México PINTURA 3 III No Fecha de emisión : 15/17 Corlar 2; variar; proveedor; exenciones; relativa; obtener; marca; su; seguros; incluyendo; personas; especialista; adicional; puede; con; Corlar; encuentran; siguientes; regulaciones; Riesgos; usuario; posible; transporte; requieren; marcado; Asegurar; excepciones; Producto; para; acuerdo; usuarios; contenedor; otras; ONU; Clase; volumen; lo; Consulte; disponible; oficial; IMDG; caso; factores; instalaciones; peligrosa; no; el; Transporte; material; Fecha; del; Media;  2; embalaje; hacer; como; producto; un; derrame; s; ambientales; secciones; que; clasificado;  3 ; Alto; PINTURA; se; sustancia; mostrarse;  3; aplicables; La;  2.8 ; verticales; la; granel; modo; o; IMO; las; III; es; TDG; ambiente; uso; 17 ; y; si; substancia;  2 ; DOT; apropiada; siempre; Class; este; otros; real; especiales; medio; IATA; Base; instrumentos; varios; US; transportan; proporcionada; a; Brillo; de; 26; El; Grupo,El marcado como sustancia peligrosa para el medio ambiente puede mostrarse si otras regulaciones de ...
FDS 1 - Corlar 2.8 HG Epóxico Alto Brillo - Base Media copy_S13_001,FDS 1 - Corlar 2.8 HG Epóxico Alto Brillo - Base Media copy,13,Consideraciones de eliminación,text,288,,,Xilenos;  2001 ; Nombre; 50 ; horas; HG; Butoxietanol; 2;  5 ; Tetrahidrofurano; Resultado; crystalline; Por; ligera; 5000 ; No;  8400 ;  1650 ; non; Toxicidad; Dosis;  3500 ; DL50; Gas; Corlar; Vapor; alcohol; efectos;  2010 ;  2520 ;  1; Carcinogenicidad;  4300 ; ppm;  13500 ; Trimetilbenceno; disponible; Diacetona;  4 ; nieblas; respirable; Fecha; Media;  2; producto; aguda; Polvo; Especies; g; ingrediente; Acetona;  12.6 ;  21 ; Oral;  5800 ; nafta; Alto; mg;  2.8 ; Conejo;  18000 ; o;  3492 ; sobre; mezcla; Mutagenicidad; Etilbenceno; 17 ; y; Rata; l; disolvente; CL50; kg;  11;  917 ; silica; Base; US;  5000 ; Brillo; de; reproductiva; 26; 4,Toxicidad aguda Diacetona alcohol DL50 Cutánea Conejo 13500 mg/kg - DL50 Oral Rata 2520 mg/kg - naft...
FDS 1 - Corlar 2.8 HG Epóxico Alto Brillo - Base Media copy_S13_002,FDS 1 - Corlar 2.8 HG Epóxico Alto Brillo - Base Media copy,13,Consideraciones de eliminación,text,510,,,ingreso; significativos; Xilenos; los; Nombre; horas; HG; Butoxietanol;  5 ; Tetrahidrofurano; una; Resultado; Humano; crystalline; Por; piel;  60 ; conocen; dato; No; riesgos; non; grave;  87 ; Teratogenicidad; moderado; titanio; Grado; Ojos; con; Corlar; epiclorhidrina; alcohol; posibles; NTP; efectos; ppm; ocular; OSHA; ojos; relacionados; disponible; Diacetona; respirable;  186300 ; leve; uL; Irritante; Fecha; Media;  2;  100 %;  395 ;  1 ;  15 ; como; Piel; producto; Conocido; Especies; ingrediente; Acetona; irritante; Puede;  10 ; provocar;  3 ; Alto; mg; se; carcinógeno;  2.8 ; la; fuerte;  8 ; Conejo;  100 ; o; riesgo; Contacto; sobre; las; mezcla;  20 ; Etilbenceno; 17 ; y;  500 ;  2 ; Rata; Provoca; bisfenol;  12; silica; Base; IARC; US;  24 ; Brillo; de; humano; 26; A,producto de reacción: bisfenol-A-epiclorhidrina Ojos - Irritante leve Conejo - 100 mg - Piel - Irrit...
FDS 1 - Corlar 2.8 HG Epóxico Alto Brillo - Base Media copy_S13_003,FDS 1 - Corlar 2.8 HG Epóxico Alto Brillo - Base Media copy,13,Consideraciones de eliminación,text,510,,,"significativos; los; Xilenos; Nombre; en; HG; Ruta; bajos; 2; vez; Tetrahidrofurano; salud; una; Resultado; crystalline; Peligro; Por; niveles; piel; ligera; conocen; dato; No; pueden; muy; riesgos; non; Toxicidad; Los; PELIGRO; posteriormente; puede; grado; con; Corlar; siguientes; Efecto; ocurrir; Generales; alcohol; efectos; persona; vitales;  1; Carcinogenicidad; POR; depende; exposiciones; ojos; sensibilizada; relacionados; Trimetilbenceno; disponible; Diacetona; el; respirable; severa; lagrimeo; Efectos; Fecha; adversos; Media; Peligro de aspiración Nombre Resultado nafta disolvente (petróleo), fracción aromática ligera PELIGRO POR ASPIRACIÓN - Categoría 1 1,2,4-Trimetilbenceno PELIGRO POR ASPIRACIÓN - Categoría 1 Xilenos, mezcla isómeros PELIGRO POR ASPIRACIÓN - Categoría 1 Etilbenceno PELIGRO POR ASPIRACIÓN - Categoría 1 Ruta de exposición Órganos vitales Ruta de exposición Órganos vitales : No disponible Efectos agudos potenciales en la salud Fecha de emisión : 13/17 Corlar 2;  2; blanco;  1 ; enrojecimiento; potenciales; Acetona; Puede; 1; incluso; dolor; nafta; agudos; que; provocar;  3 ; Alto; se; incluir; respiratorias; expone;  2.8 ; la; repetidas; o; riesgo; Contacto; las; mezcla; Mutagenicidad; Etilbenceno; 17 ; y; si;  2 ; disolvente;  13; Una; silica; Base; US; a; Brillo; de; 26; El; 4",": Contacto con los ojos Síntomas relacionados con las características físicas, químicas y toxicológi..."
FDS 1 - Corlar 2.8 HG Epóxico Alto Brillo - Base Media copy_S13_004,FDS 1 - Corlar 2.8 HG Epóxico Alto Brillo - Base Media copy,13,Consideraciones de eliminación,text,499,,,significativos; desarrollo; los; en; menos; Ruta; gases; retardados; salud;  22587.97 ; una; sobrante; producidos; recipientes; deben; entre; locales; conocen; No; sea; riesgos; todas; autoridades; tratar; relativa; contratista; permitirse; Los; hay; contemplar; ETA; Teratogenicidad; evitar; fertilidad;  385.45 ; envases; productos; con; corto; agua; reciclar; posible; cualquier; desechos; cumplir; posibles; efectos; para; debe; ppm; Estimaciones; GHS; disponible; no; el;  436959.37 ; sin; Efectos; del; enterramiento; como; producto; residuos; alcantarilla; aguda; cuidado; potenciales; largo; reciclables; hayan; un; Oral; por; que; estimaciones; desechados; manipulen; autorizado; mg; se; todos; reciclaje; minimizar; La; la; tales; Medidas; o; precauciones; toxicidad; sobre; factible; sean; las; compatibles; ambiente; Se; Mutagenicidad; Valor; derivado; y; plazo; sus; l; cursos; siempre; kg; este; cuando; inmediatos; medio; requisitos; vapores; tirar; limpiado; soluciones; a; de; datos;  20249.86 ; enjuagado; Disponga,Mutagenicidad : No se conocen efectos significativos o riesgos críticos Teratogenicidad : Efectos de...
FDS 1 - Corlar 2.8 HG Epóxico Alto Brillo - Base Media copy_S13_005,FDS 1 - Corlar 2.8 HG Epóxico Alto Brillo - Base Media copy,13,Consideraciones de eliminación,text,480,,,"Este; cantidad; los; embalajes; en; menos; HG; fondo; 677.52 ; transporta; transportado; altamente; dentro; galones; canales; recipientes; usados; reclasificado; buques; Evite; No; soldar; pueden; sea; regulados; alcantarillas; todas;  119 ; relativa; su; Los; enviar; envases; regulado; productos; puede; con; Corlar; ser; L; regulaciones; recortar; transporte; bultos; requieren; menores; posibles; marcado; para; materiales; otras; lo; sujetos; contaminante; peligrosos;  3967.6 ; ferroviaria; informable; reporte; Cantidad; peligrosa; no; el; ≤5 ; cumplan; material; Fecha; del; Media;  2; triturar; inferiores; iguales; como; Galones; producto; residuos; cuidado; requiere; combustible; suelo; disposiciones; hayan; un; derramado; son; establecida; que; manipulen; por; Alto; peligrosa para el medio ambiente puede mostrarse si otras regulaciones de transporte lo requieren;  14; recipiente; se; sustancia; marino; mostrarse; vapor; excepto;  2.8 ; la; granel; retener; voluminosos; o; RQ; empaques; precauciones; contaminantes; mar;  2564.7 ; inflamable; las; peligrosos si sus tamaños son inferiores a la cantidad de reporte para el producto, excepto cuando se transportan en buques Este producto no está regulado como contaminante marino cuando se transporta en canales y ríos navegables en tamaños de ≤5 L o ≤5 kg o por vía terrestre, ferroviaria o aérea en tamaños no voluminosos, siempre y cuando los empaques cumplan con las disposiciones generales de §§ 173; ambiente; Se; revestimentos;  173.24 ; interior; 17 ; y; sus; explosivo; si; navegables; siempre; kg; terrestre; cuando; medio; crear; Base;  8739.2 ; combustibles; requisitos; lbs; limpiado; US; transportan; a; Brillo; generales; de; 26; El; buque;  173.24; enjuagado; contacto",Elimínense los residuos del producto y sus recipientes con todas las precauciones posibles Se tendrá...
FDS 1 - Corlar 2.8 HG Epóxico Alto Brillo - Base Media copy_S13_006,FDS 1 - Corlar 2.8 HG Epóxico Alto Brillo - Base Media copy,13,Consideraciones de eliminación,text,406,,,accidente; en; HG; peligrosas; una; al; relativas; dentro; Precauciones; cerrados; obligatoria; recipientes; entre;  15; conocen; No; peligrosa para el medio ambiente puede mostrarse si otras regulaciones de transporte lo requieren Información adicional Precauciones especiales para el usuario Transporte dentro de las instalaciones de usuarios: siempre transporte en recipientes cerrados que estén verticales y seguros Asegurar que las personas que transportan el producto conocen qué hacer en caso de un accidente o derrame : Producto clasificado de acuerdo con las siguientes secciones de las regulaciones de transporte de mercancías peligrosas 2 (Class 3) Clasificación DOT Clasificación para el TDG IMDG IATA : : : : PINTURA 3 III PINTURA 3 III PINTURA 3 III Clasificación DOT IMDG IATA Número ONU Designación oficial de transporte Clase(s) relativas al transporte Grupo de embalaje Riesgos ambientales Sí Sí Sí La marca de substancia peligrosa para el ambiente no es obligatoria Clasificación para el TDG PINTURA 3 III No Clasificación de México PINTURA 3 III No Fecha de emisión : 15/17 Corlar 2; variar; proveedor; exenciones; relativa; obtener; marca; su; seguros; incluyendo; personas; especialista; adicional; puede; con; Corlar; encuentran; siguientes; regulaciones; Riesgos; usuario; posible; transporte; requieren; marcado; Asegurar; excepciones; Producto; para; acuerdo; usuarios; contenedor; otras; ONU; Clase; volumen; lo; Consulte; disponible; oficial; IMDG; caso; factores; instalaciones; peligrosa; no; el; Transporte; material; Fecha; del; Media;  2; embalaje; hacer; como; producto; un; derrame; s; ambientales; secciones; que; clasificado;  3 ; Alto; PINTURA; se; sustancia; mostrarse;  3; aplicables; La;  2.8 ; verticales; la; granel; modo; o; IMO; las; III; es; TDG; ambiente; uso; 17 ; y; si; substancia;  2 ; DOT; apropiada; siempre; Class; este; otros; real; especiales; medio; IATA; Base; instrumentos; varios; US; transportan; proporcionada; a; Brillo; de; 26; El; Grupo,El marcado como sustancia peligrosa para el medio ambiente puede mostrarse si otras regulaciones de ...
FDS 1 - Corlar 2.8 HG Epóxico Alto Brillo - Base Media copy_S14_001,FDS 1 - Corlar 2.8 HG Epóxico Alto Brillo - Base Media copy,14,Información sobre transporte,text,495,,,"Este; cantidad; los; accidente; embalajes; en; menos; peligrosas; 677.52 ; transporta; transportado; relativas; dentro; al; galones; Precauciones; cerrados; obligatoria; canales; recipientes; reclasificado; buques; conocen; No; sea; regulados;  119 ; marca; seguros; Los; personas; enviar; adicional; regulado; puede; con; ser; L; siguientes; regulaciones; Riesgos; usuario; transporte; bultos; requieren; menores; marcado; Asegurar; Producto; para; acuerdo; usuarios; materiales; otras; ONU; Clase; lo; sujetos; contaminante; peligrosos;  3967.6 ; ferroviaria; informable; oficial; IMDG; caso; reporte; instalaciones; Cantidad; peligrosa; no; el; Transporte; ≤5 ; cumplan; del; inferiores; embalaje; iguales; hacer; como; Galones; producto; requiere; combustible; disposiciones; un; derrame; son; establecida; s; ambientales; secciones; por; que; clasificado;  3 ; PINTURA; se; sustancia; marino; mostrarse;  3; excepto; La; verticales; la; granel; voluminosos; o; RQ; empaques; contaminantes; mar;  2564.7 ; las; III; es; peligrosos si sus tamaños son inferiores a la cantidad de reporte para el producto, excepto cuando se transportan en buques Este producto no está regulado como contaminante marino cuando se transporta en canales y ríos navegables en tamaños de ≤5 L o ≤5 kg o por vía terrestre, ferroviaria o aérea en tamaños no voluminosos, siempre y cuando los empaques cumplan con las disposiciones generales de §§ 173; TDG; ambiente;  173.24 ; y; sus; si; substancia; navegables;  2 ; DOT; siempre; Class; kg; terrestre; peligrosa para el medio ambiente puede mostrarse si otras regulaciones de transporte lo requieren Información adicional Precauciones especiales para el usuario Transporte dentro de las instalaciones de usuarios: siempre transporte en recipientes cerrados que estén verticales y seguros Asegurar que las personas que transportan el producto conocen qué hacer en caso de un accidente o derrame : Producto clasificado de acuerdo con las siguientes secciones de las regulaciones de transporte de mercancías peligrosas 2 (Class 3) Clasificación DOT Clasificación para el TDG IMDG IATA : : : : PINTURA 3 III PINTURA 3 III PINTURA 3 III Clasificación DOT IMDG IATA Número ONU Designación oficial de transporte Clase(s) relativas al transporte Grupo de embalaje Riesgos ambientales Sí Sí Sí La marca de substancia peligrosa para el ambiente no es obligatoria Clasificación para el TDG PINTURA 3 III No Clasificación de México PINTURA 3 III No; especiales; cuando; medio; IATA; combustibles;  8739.2 ; requisitos; lbs; transportan; a; generales; de; buque; El;  173.24; Grupo","Este producto puede ser reclasificado como “Líquido combustible”, a menos que sea transportado por b..."
FDS 1 - Corlar 2.8 HG Epóxico Alto Brillo - Base Media copy_S14_002,FDS 1 - Corlar 2.8 HG Epóxico Alto Brillo - Base Media copy,14,Información sobre transporte,text,186,,,granel; especialista; modo; material; o; IMO; puede; Fecha; con; del; Corlar; Media; en; encuentran; regulaciones; HG;  2; las; Transporte; III; es; posible; TDG; transporte; producto; uso; al; 17 ; una; y; excepciones; para; acuerdo; contenedor; apropiada; entre; otros; este; volumen;  15; real; No; variar; proveedor; Base; exenciones; instrumentos; Consulte; relativa; que; disponible; varios; US; obtener;  3 ; Alto; factores; PINTURA; proporcionada; su; a; Brillo; incluyendo; de; se; 26; aplicables; el; La;  2.8 ; la,Clasificación para el TDG PINTURA 3 III No Clasificación de México PINTURA 3 III No Fecha de emisión...
FDS 1 - Corlar 2.8 HG Epóxico Alto Brillo - Base Media copy_S15_001,FDS 1 - Corlar 2.8 HG Epóxico Alto Brillo - Base Media copy,15,Información reglamentaria,text,261,100-41-4; 95-63-6; 111-76-2; 1330-20-7,,notificaciones; copias; mismas; ≤3 ; Xilenos; los; Nombre; Todos; Pollutants; Butoxietanol; 2; 100-41-4; Act;  111-76; ≤0.3 ; deben; Air; componentes; Unidos; No; proveedor; adjunto; 6 ; 95-63-6; CARCINOGENICIDAD; 1330-20-7;  112 ; distribuidas; aplicable;  304 ; seguridad; HAPs; listados;  1; debe; remover; SARA; Hazardous; Trimetilbenceno; R; INFLAMABLES; ≤1.4 ; toda; HDS; Requisitos; Clean; no; Las; Listado;  1330-20; del; 4 ;  2; 312 ;  1 ; producto; Lista; 2 ; 1; exentos; son; Section; que; CAS;  3 ; se; incluir; copia;  95-63; la; inventario; RQ; 7 ; o; Formulario; aviso;  100-41; sean; las; mezcla; Estados; 111-76-2; Etilbenceno; y; informes;  313 ;  2 ; FDS; OCULAR; hoja; a; de; b; datos; 4;  311,SARA 313 Nombre del producto Número CAS % Las notificaciones de SARA 313 no se deben remover de la h...
FDS 1 - Corlar 2.8 HG Epóxico Alto Brillo - Base Media copy_S16_001,FDS 1 - Corlar 2.8 HG Epóxico Alto Brillo - Base Media copy,16,Otra información,text,445,,,"SDS; Este; pero; etiqueta; significativos; los; Otra; en; Inc; destinado; HG; asegurarse; Ficha; reciban; representa; una; al;  29; registrada; deben; proveedores; CFR; Unidos;  16; HMIS; nueva; riesgos; todas; proporcionarlas; peligros; marca; su; sujeto; seguros; Los; System; fecha; Esta;  0 ; basan; Information; clasificaciones; Systems; productos; puede; implementado; con; 0 ; responsables; relevante; Corlar; Riesgos; previsto; salen; requieren; consultar; cumplir; Axalta; seguridad; para; Salud; cree; exacto; usuarios; leer; utilizar; exclusivamente; Hazardous; completamente; actualizada; Coatings; asociada; toda; contenido;  4 ; incorporar; seguir; Aunque;  1910.1200 ; no; el; Material; Las; escala; Fecha; del; Media;  2; bajo; propia; hacer; producto; Inflamabilidad; idoneidad; 2 ; servicio; un; son; donde; que; por; cuanto; Alto; Historial; se; utilizarlo; Es; cualquiera; aplicables; responsabilidad;  2.8 ; la; informaciones; o; preparador; precauciones; reglamentos; las; subsidiarias; antes; es; Estados; afiliadas; Se; uso; 17 ; y; sus;  2 ; industrial; medida; American; Association;  4; leyes; Base; esta; optar; LLC; US; proporcionada; a; Brillo; cambios; de; identificadas; programa; 26; datos; peligros o riesgos mínimos y 4 representa los peligros o riesgos significativos Aunque las clasificaciones de HMIS® y la etiqueta asociada no se requieren en las SDS o en los productos que salen de una instalación bajo la sección 29, artículos 1910",es Hazardous Material Information System (Estados Unidos) 2 2 0 * Salud Inflamabilidad Riesgos físic...
FDS 1 - Corlar 2.8 HG Epóxico Alto Brillo - Base Media copy_S16_002,FDS 1 - Corlar 2.8 HG Epóxico Alto Brillo - Base Media copy,16,Otra información,text,446,,,"SDS; los; en; lea; AXALTA; marina; menos; ha; Log; National; anterior; refiere; al; Reactividad; deben; recomienda; Unidos; HMIS; Manual; Equipment; Si; PPE; PARTICULAR; Marpol; Protection; Indica; obtener; Toxicidad; su; Los; consulte; ENTRE; ETA; Protocolo; productos;  1978 ;  1973 ; Unidas; 0 ; con; relevante; Aviso; agua; Convenio; INCLUYENDO; previsto; posible; proceso; EN; cualquier; Inestabilidad; Axalta; aplicable; Abreviaturas; para; Salud;  1; usuarios; leer; Buques; ONU; utilizar; Fire; Sistema; lo; Protective; 3 ; logaritmo; personal; Internacional; IMDG; SGA; toda; coeficiente; Peligrosas; no; el; Transporte; Contenedor; ley; material; va; Equipo; Kow; EXPRESAS; Especial; Peligrosas Log Kow = logaritmo del coeficiente de reparto octanol/agua MARPOL = Convenio Internacional para Prevenir la Contaminación por los Buques, 1973 con el Protocolo de 1978 (""Marpol"" = polución marina) ONU = Organización de las Naciones Unidas 16; del; O; Armonizado; propia; cliente; responsable; comprenda; hacer; producto; Globalmente; reparto; MARPOL; Personal; idoneidad; Inflamabilidad; OTORGA; cambiado; 2 ; Prevenir; exija; contrario; que; lector; IBC; octanol; por; cuanto; se; utilizarlo; todos; Aguda; Naciones; La; la; o; desde; otro; sobre; Productos; establecido; antes; las; es; Estados; Intermedio;  16.01 ; uso; y; OTROS; le; otros; este; determinar; Association; IATA; DE; NO; esta; Para; UN; NINGUNA; a; de; El; A; Granel",Los usuarios de los productos Axalta deben leer toda la información relevante del producto antes de ...
FDS 1 - Corlar 2.8 HG Epóxico Alto Brillo - Base Media copy_S16_003,FDS 1 - Corlar 2.8 HG Epóxico Alto Brillo - Base Media copy,16,Otra información,text,424,,,sistema; Este; copias; los; Identification; sustancias; en; casos; 704 pa; Todos; representada;  17; completa; National; salud; al; advertencia; Solo; clasificadas; HMIS; 1997; Manual; Equipment; pueden; riesgos; PPE; Quincy; Protection; todas; obtener; postura; su; personas; consulte; cual;  704-2001; clasificaciones; reservados; Systems; emergencia; productos; con; ser; of; NFPA; limitado; completo; usuario; cuales;  704 ; Copyright; cualquier; Axalta; capacitadas; para; persona; materiales; Fire; Emergency; lo; Protective; Nacional; personal; oficial; contra; determinado; sistemas; debidamente; referencia; no; el; aquellos;  2022 ; material; derechos; Equipo; Fecha; del; lineamientos; solamente; Response; bajo; hacer; como; Hazards; Personal;  49 ; reimpreso; regulatorio; utilicen;  325; the; que; por; se; Independientemente; Coating; 17; respuesta; interpretado; permiso; la; for; o; 2001; Reimpreso; riesgo; ante; reactividad; sobre; incendio; las; clasificar; es; tema; afiliadas; utilice;  02269 ; derivado; y; MA; aplicado; propio; sus; identificar; Association; hace; LLC; Para; Materials; a; Incendios; de; representados; cumplimiento; El; recomendadas,Para obtener más información sobre los códigos del Equipo de protección personal (Personal Protectiv...
FDS 1 - Corlar 2.8 HG Epóxico Alto Brillo - Base Media copy_S03_001,FDS 1 - Corlar 2.8 HG Epóxico Alto Brillo - Base Media copy,3,Tabla 1,table,108,914808-60-7,,"0; 7 ; 21330-20; ≤6.9;  25068-38; 767-64; 914808-60;  2; 914808-60-7; ButoxietanolXilenos; 2; 6111-76; ≤50; ≥10; Trimetilbenceno2; ≤25;  1; bisfenol; 695-63; A; 1100-41; 1; 
0; 4109-99; ≤8.5; ≤1.4; ≤3; ≥25; 7123-42; 613463-67; Nombredeingrediente; ≤0.3; 264742-95; 4","0: Nombredeingrediente | 1: NúmeroCAS | 2: Concentración
0: productodereacción:bisfenol-A-epiclorhid..."
FDS 1 - Corlar 2.8 HG Epóxico Alto Brillo - Base Media copy_S08_001,FDS 1 - Corlar 2.8 HG Epóxico Alto Brillo - Base Media copy,8,Tabla 1,table,245,,,"0; CALOSHAPEL; 2018; totaldustACGIHTLV; NIOSHREL; Ninguno; PEL1989(EstadosUnidos,3/1989); 2020; 50; 238; 25; EstadosUnidos; 2; Estado; 3; PolvototalCALOSHAPEL; 240; asTi;  1; Trimethylbenzene; 8; OSHAPEL1989; bisfenol; A; PolvototalOSHAPEL; 1; 
0; TLV(EstadosUnidos,1/2022); 2022; 10; OSHAPEL; Trimetilbenceno; 125; 5; Nombredeingrediente; respirablefractionTWA; 15; 2.5; PEL(EstadosUnidos,5/2018); 4; TWA; 1989","0: Nombredeingrediente | 1: Límitesdeexposición
0: productodereacción:bisfenol-A-epiclorhidrinaDióxi..."
FDS 1 - Corlar 2.8 HG Epóxico Alto Brillo - Base Media copy_S03_001,FDS 1 - Corlar 2.8 HG Epóxico Alto Brillo - Base Media copy,3,Tabla 1,table,9,,,"0; MedioResultado; 
0","0: MedioResultado
0: aguafríaSoluble"
FDS 1 - Corlar 2.8 HG Epóxico Alto Brillo - Base Media copy_S03_001,FDS 1 - Corlar 2.8 HG Epóxico Alto Brillo - Base Media copy,3,Tabla 1,table,193,,,"kg3492mg; 0; 2001; kg5000ppm4300mg; 917; 2520; 5800;  2; kg3500mg; 50; ButoxietanolXilenos; 2; 1650; ConejoRataConejoRataRataRataRataRataRataRataRataConejoRataConejoRataRataRata; 3492; Especies; kg18000mg; Resultado; Trimetilbenceno2; kg8400mg; kg5800mg;  1; 5000; 18000; l; 12.6; kg; 1; 21; l2001mg; 
0; 8400;  4; kg21mg; kg12; 3500;  13500; kg917mg; non; 5; kg1650mg; 2010; kg2520mg; Diacetonaalcoholnaftadisolvente; Dosis; kg2010mg;  3; 4300; 4; respirable; Nombredeproductooingrediente","0: Nombredeproductooingrediente | 1: Resultado | 2: Especies | 3: Dosis | 4: Exposición
0: Diacetona..."
FDS 1 - Corlar 2.8 HG Epóxico Alto Brillo - Base Media copy_S03_001,FDS 1 - Corlar 2.8 HG Epóxico Alto Brillo - Base Media copy,3,Tabla 1,table,241,,,"IrritantemoderadoOjos; 0; Irritanteleve; ConejoConejoConejoConejoConejoConejoConejoConejoConejoConejoRataConejoConejoHumanoConejoConejoConejoConejoConejoConejo; Ojos; IrritantefuertePiel;  2; 87; 20; ButoxietanolXilenos; 2; 100; 24; Especies; Resultado;  1; 8; epiclorhidrinaDiacetonaalcohol2; 500; bisfenol; IrritanteleveOjos;  100; 
0;  4; 60; 10; 5;  5; 395; 15; 100%; IrritantelevePiel;  3; A; IrritantefuerteOjos; 186300; IrritantemoderadoPiel; Nombredeproductooingrediente",0: Nombredeproductooingrediente | 1: Resultado | 2: Especies | 3: Puntuación | 4: Exposición | 5: Ob...
FDS 1 - Corlar 2.8 HG Epóxico Alto Brillo - Base Media copy_S03_001,FDS 1 - Corlar 2.8 HG Epóxico Alto Brillo - Base Media copy,3,Tabla 1,table,60,,,"0; 332; ButoxietanolXilenos; 2; IARC; 
0; OSHA; 1 ; NTP;  3; non;  2;  1; respirable; Nombredeproductooingrediente","0: Nombredeproductooingrediente | 1: OSHA | 2: IARC | 3: NTP
0: Dióxidodetitanio2-ButoxietanolXileno..."
FDS 1 - Corlar 2.8 HG Epóxico Alto Brillo - Base Media copy_S03_001,FDS 1 - Corlar 2.8 HG Epóxico Alto Brillo - Base Media copy,3,Tabla 1,table,121,,,"0; 2; Diacetonaalcoholnaftadisolvente; 3; 1; 
0; Nombre;  3; TrimetilbencenoXilenos; 4;  2;  1; 3 ","0: Nombre | 1: Categoría | 2: Rutadeexposición | 3: Órganosvitales
0: Diacetonaalcoholnaftadisolvent..."
FDS 1 - Corlar 2.8 HG Epóxico Alto Brillo - Base Media copy_S03_001,FDS 1 - Corlar 2.8 HG Epóxico Alto Brillo - Base Media copy,3,Tabla 1,table,38,,,"0; 2; Etilbencenocrystallinesilica; 
0; 1 ; Nombre;  3; non;  2;  1; respirable","0: Nombre | 1: Categoría | 2: Rutadeexposición | 3: Órganosvitales
0: Etilbencenocrystallinesilica,n..."
FDS 1 - Corlar 2.8 HG Epóxico Alto Brillo - Base Media copy_S08_001,FDS 1 - Corlar 2.8 HG Epóxico Alto Brillo - Base Media copy,8,Tabla 1,table,65,,,"0; naftadisolvente; 2; 1; 
0; Nombre; Resultado; TrimetilbencenoXilenos; 4; PELIGROPORASPIRACIÓN-Categoría1PELIGROPORASPIRACIÓN-Categoría1PELIGROPORASPIRACIÓN-Categoría1PELIGROPORASPIRACIÓN-Categoría1;  1","0: Nombre | 1: Resultado
0: naftadisolvente(petróleo),fracciónaromáticaligera1,2,4-TrimetilbencenoXi..."
FDS 1 - Corlar 2.8 HG Epóxico Alto Brillo - Base Media copy_S11_001,FDS 1 - Corlar 2.8 HG Epóxico Alto Brillo - Base Media copy,11,Tabla 1,table,40,,,"ValorETA; vapores; Ruta; 0; 385.45; gases; kg436959; 22587.97; 
0;  20249.86; kg22587; 436959.37; l;  1","0: Ruta | 1: ValorETA(estimacióndetoxicidadagudasegúnGHS)
0: OralCutáneaInhalación(gases)Inhalación(..."
FDS 1 - Corlar 2.8 HG Epóxico Alto Brillo - Base Media copy_S14_001,FDS 1 - Corlar 2.8 HG Epóxico Alto Brillo - Base Media copy,14,Tabla 1,table,130,,,"Riesgosambientales; 0; peligrosaparaelambientenoesobligatoria;  2; III; 1263
;  1; Clase; 1; Lamarcadesubstanciapeligrosaparaelambientenoesobligatoria; 
0;  4; No; IATA; s; Grupodeembalaje; relativasaltransporte;  5;  3
;  3 ; IMDG; PINTURA; 1263 ;  3; UN1263","1: ClasificaciónDOT | 2: ClasificaciónparaelTDG | 3: ClasificacióndeMéxico | 4: IMDG | 5: IATA
0: Nú..."
FDS 1 - Corlar 2.8 HG Epóxico Alto Brillo - Base Media copy_S03_001,FDS 1 - Corlar 2.8 HG Epóxico Alto Brillo - Base Media copy,3,Tabla 1,table,91,7100-41-4,,"0; 21330-20; 7100-41-4; Requisitosdeinformes; 4 ;  2; ButoxietanolXilenos; 2; 6111-76; Nombredelproducto; FormularioR; Trimetilbenceno2; 7100-41;  1; ≤0.3
; 1; 
0; ≤1.4; ≤3; ≤0.3;  3; 4;  95-63","1: Nombredelproducto | 2: NúmeroCAS | 3: %
0: FormularioR-Requisitosdeinformes | 1: 1,2,4-Trimetilbe..."
FDS 1 - Corlar 2.8 HG Epóxico Alto Brillo - Base Media copy_S03_001,FDS 1 - Corlar 2.8 HG Epóxico Alto Brillo - Base Media copy,3,Tabla 1,table,12,,,"0;  0; 
0; Salud;  2","0: 2*Salud
0: 2Inflamabilidad
0: 0Riesgosfísicos"
